INFO:     Started server process [4019]
INFO:     Waiting for application startup.
INFO:     Application startup complete.
INFO:     Uvicorn running on http://127.0.0.1:8000 (Press CTRL+C to quit)
WARNING: [Visual Concepts Derivation Fallback] visual_concepts is missing/empty for slot A1:1:s1_b1. Deriving dynamically from scene 1 + visual_notes: ''
WARNING: [Visual Concepts Derivation Fallback] visual_concepts is missing/empty for slot V1:1:s1_b1. Deriving dynamically from scene 1 + visual_notes: ''
WARNING: [Visual Concepts Derivation Fallback] visual_concepts is missing/empty for slot A1:1:s1_b2. Deriving dynamically from scene 1 + visual_notes: ''
WARNING: [Visual Concepts Derivation Fallback] visual_concepts is missing/empty for slot V1:1:s1_b2. Deriving dynamically from scene 1 + visual_notes: ''
WARNING: [Visual Concepts Derivation Fallback] visual_concepts is missing/empty for slot A1:1:s1_b3. Deriving dynamically from scene 1 + visual_notes: ''
WARNING: [Visual Concepts Derivation Fallback] visual_concepts is missing/empty for slot V1:1:s1_b3. Deriving dynamically from scene 1 + visual_notes: ''
WARNING: [Visual Concepts Derivation Fallback] visual_concepts is missing/empty for slot A1:1:s1_b4. Deriving dynamically from scene 1 + visual_notes: ''
WARNING: [Visual Concepts Derivation Fallback] visual_concepts is missing/empty for slot V1:1:s1_b4. Deriving dynamically from scene 1 + visual_notes: ''
WARNING: [Visual Concepts Derivation Fallback] visual_concepts is missing/empty for slot A1:1:s1_b5. Deriving dynamically from scene 1 + visual_notes: ''
WARNING: [Visual Concepts Derivation Fallback] visual_concepts is missing/empty for slot V1:1:s1_b5. Deriving dynamically from scene 1 + visual_notes: ''
WARNING: [Visual Concepts Derivation Fallback] visual_concepts is missing/empty for slot A1:1:s1_b6. Deriving dynamically from scene 1 + visual_notes: ''
WARNING: [Visual Concepts Derivation Fallback] visual_concepts is missing/empty for slot V1:1:s1_b6. Deriving dynamically from scene 1 + visual_notes: ''
WARNING: [Visual Concepts Derivation Fallback] visual_concepts is missing/empty for slot A1:1:s1_b7. Deriving dynamically from scene 1 + visual_notes: ''
WARNING: [Visual Concepts Derivation Fallback] visual_concepts is missing/empty for slot V1:1:s1_b7. Deriving dynamically from scene 1 + visual_notes: ''
WARNING: [Visual Concepts Derivation Fallback] visual_concepts is missing/empty for slot A1:1:s1_b8. Deriving dynamically from scene 1 + visual_notes: ''
WARNING: [Visual Concepts Derivation Fallback] visual_concepts is missing/empty for slot V1:1:s1_b8. Deriving dynamically from scene 1 + visual_notes: ''
WARNING: [Visual Concepts Derivation Fallback] visual_concepts is missing/empty for slot A1:1:s1_b9. Deriving dynamically from scene 1 + visual_notes: ''
WARNING: [Visual Concepts Derivation Fallback] visual_concepts is missing/empty for slot V1:1:s1_b9. Deriving dynamically from scene 1 + visual_notes: ''
WARNING: [Visual Concepts Derivation Fallback] visual_concepts is missing/empty for slot A1:1:s1_b10. Deriving dynamically from scene 1 + visual_notes: ''
WARNING: [Visual Concepts Derivation Fallback] visual_concepts is missing/empty for slot V1:1:s1_b10. Deriving dynamically from scene 1 + visual_notes: ''
WARNING: [Visual Concepts Derivation Fallback] visual_concepts is missing/empty for slot A1:1:s1_b11. Deriving dynamically from scene 1 + visual_notes: ''
WARNING: [Visual Concepts Derivation Fallback] visual_concepts is missing/empty for slot V1:1:s1_b11. Deriving dynamically from scene 1 + visual_notes: ''
WARNING: [Visual Concepts Derivation Fallback] visual_concepts is missing/empty for slot A1:1:s1_b12. Deriving dynamically from scene 1 + visual_notes: ''
WARNING: [Visual Concepts Derivation Fallback] visual_concepts is missing/empty for slot V1:1:s1_b12. Deriving dynamically from scene 1 + visual_notes: ''
WARNING: [Visual Concepts Derivation Fallback] visual_concepts is missing/empty for slot A1:1:s1_b13. Deriving dynamically from scene 1 + visual_notes: ''
WARNING: [Visual Concepts Derivation Fallback] visual_concepts is missing/empty for slot V1:1:s1_b13. Deriving dynamically from scene 1 + visual_notes: ''
WARNING: [Visual Concepts Derivation Fallback] visual_concepts is missing/empty for slot A1:1:s1_b14. Deriving dynamically from scene 1 + visual_notes: ''
WARNING: [Visual Concepts Derivation Fallback] visual_concepts is missing/empty for slot V1:1:s1_b14. Deriving dynamically from scene 1 + visual_notes: ''
WARNING: [Visual Concepts Derivation Fallback] visual_concepts is missing/empty for slot A1:1:s1_b15. Deriving dynamically from scene 1 + visual_notes: ''
WARNING: [Visual Concepts Derivation Fallback] visual_concepts is missing/empty for slot V1:1:s1_b15. Deriving dynamically from scene 1 + visual_notes: ''
WARNING: [Visual Concepts Derivation Fallback] visual_concepts is missing/empty for slot A1:1:s1_b16. Deriving dynamically from scene 1 + visual_notes: ''
WARNING: [Visual Concepts Derivation Fallback] visual_concepts is missing/empty for slot V1:1:s1_b16. Deriving dynamically from scene 1 + visual_notes: ''
WARNING: [Visual Concepts Derivation Fallback] visual_concepts is missing/empty for slot A1:1:s1_b17. Deriving dynamically from scene 1 + visual_notes: ''
WARNING: [Visual Concepts Derivation Fallback] visual_concepts is missing/empty for slot V1:1:s1_b17. Deriving dynamically from scene 1 + visual_notes: ''
WARNING: [Visual Concepts Derivation Fallback] visual_concepts is missing/empty for slot A1:1:s1_b18. Deriving dynamically from scene 1 + visual_notes: ''
WARNING: [Visual Concepts Derivation Fallback] visual_concepts is missing/empty for slot V1:1:s1_b18. Deriving dynamically from scene 1 + visual_notes: ''
WARNING: [Visual Concepts Derivation Fallback] visual_concepts is missing/empty for slot A1:1:s1_b19. Deriving dynamically from scene 1 + visual_notes: ''
WARNING: [Visual Concepts Derivation Fallback] visual_concepts is missing/empty for slot V1:1:s1_b19. Deriving dynamically from scene 1 + visual_notes: ''
WARNING: [Visual Concepts Derivation Fallback] visual_concepts is missing/empty for slot A1:1:s1_b20. Deriving dynamically from scene 1 + visual_notes: ''
WARNING: [Visual Concepts Derivation Fallback] visual_concepts is missing/empty for slot V1:1:s1_b20. Deriving dynamically from scene 1 + visual_notes: ''
WARNING: [Visual Concepts Derivation Fallback] visual_concepts is missing/empty for slot A1:1:s1_b21. Deriving dynamically from scene 1 + visual_notes: ''
WARNING: [Visual Concepts Derivation Fallback] visual_concepts is missing/empty for slot V1:1:s1_b21. Deriving dynamically from scene 1 + visual_notes: ''
WARNING: [Visual Concepts Derivation Fallback] visual_concepts is missing/empty for slot A1:1:s1_b22. Deriving dynamically from scene 1 + visual_notes: ''
WARNING: [Visual Concepts Derivation Fallback] visual_concepts is missing/empty for slot V1:1:s1_b22. Deriving dynamically from scene 1 + visual_notes: ''
WARNING: [Visual Concepts Derivation Fallback] visual_concepts is missing/empty for slot A1:1:s1_b23. Deriving dynamically from scene 1 + visual_notes: ''
WARNING: [Visual Concepts Derivation Fallback] visual_concepts is missing/empty for slot V1:1:s1_b23. Deriving dynamically from scene 1 + visual_notes: ''
WARNING: [Visual Concepts Derivation Fallback] visual_concepts is missing/empty for slot A1:1:s1_b24. Deriving dynamically from scene 1 + visual_notes: ''
WARNING: [Visual Concepts Derivation Fallback] visual_concepts is missing/empty for slot V1:1:s1_b24. Deriving dynamically from scene 1 + visual_notes: ''
WARNING: [Visual Concepts Derivation Fallback] visual_concepts is missing/empty for slot A1:1:s1_b25. Deriving dynamically from scene 1 + visual_notes: ''
WARNING: [Visual Concepts Derivation Fallback] visual_concepts is missing/empty for slot V1:1:s1_b25. Deriving dynamically from scene 1 + visual_notes: ''
WARNING: [Visual Concepts Derivation Fallback] visual_concepts is missing/empty for slot A1:1:s1_b26. Deriving dynamically from scene 1 + visual_notes: ''
WARNING: [Visual Concepts Derivation Fallback] visual_concepts is missing/empty for slot V1:1:s1_b26. Deriving dynamically from scene 1 + visual_notes: ''
WARNING: [Visual Concepts Derivation Fallback] visual_concepts is missing/empty for slot A1:1:s1_b27. Deriving dynamically from scene 1 + visual_notes: ''
WARNING: [Visual Concepts Derivation Fallback] visual_concepts is missing/empty for slot V1:1:s1_b27. Deriving dynamically from scene 1 + visual_notes: ''
WARNING: [Visual Concepts Derivation Fallback] visual_concepts is missing/empty for slot A1:1:s1_b28. Deriving dynamically from scene 1 + visual_notes: ''
WARNING: [Visual Concepts Derivation Fallback] visual_concepts is missing/empty for slot V1:1:s1_b28. Deriving dynamically from scene 1 + visual_notes: ''
WARNING: [Visual Concepts Derivation Fallback] visual_concepts is missing/empty for slot A1:1:s1_b29. Deriving dynamically from scene 1 + visual_notes: ''
WARNING: [Visual Concepts Derivation Fallback] visual_concepts is missing/empty for slot V1:1:s1_b29. Deriving dynamically from scene 1 + visual_notes: ''
WARNING: [Visual Concepts Derivation Fallback] visual_concepts is missing/empty for slot A1:1:s1_b30. Deriving dynamically from scene 1 + visual_notes: ''
WARNING: [Visual Concepts Derivation Fallback] visual_concepts is missing/empty for slot V1:1:s1_b30. Deriving dynamically from scene 1 + visual_notes: ''
WARNING: [Visual Concepts Derivation Fallback] visual_concepts is missing/empty for slot A1:1:s1_b31. Deriving dynamically from scene 1 + visual_notes: ''
WARNING: [Visual Concepts Derivation Fallback] visual_concepts is missing/empty for slot V1:1:s1_b31. Deriving dynamically from scene 1 + visual_notes: ''
WARNING: [Visual Concepts Derivation Fallback] visual_concepts is missing/empty for slot A1:1:s1_b32. Deriving dynamically from scene 1 + visual_notes: ''
WARNING: [Visual Concepts Derivation Fallback] visual_concepts is missing/empty for slot V1:1:s1_b32. Deriving dynamically from scene 1 + visual_notes: ''
WARNING: [Visual Concepts Derivation Fallback] visual_concepts is missing/empty for slot A1:1:s1_b33. Deriving dynamically from scene 1 + visual_notes: ''
WARNING: [Visual Concepts Derivation Fallback] visual_concepts is missing/empty for slot V1:1:s1_b33. Deriving dynamically from scene 1 + visual_notes: ''
WARNING: [Visual Concepts Derivation Fallback] visual_concepts is missing/empty for slot A1:1:s1_b34. Deriving dynamically from scene 1 + visual_notes: ''
WARNING: [Visual Concepts Derivation Fallback] visual_concepts is missing/empty for slot V1:1:s1_b34. Deriving dynamically from scene 1 + visual_notes: ''
WARNING: [Visual Concepts Derivation Fallback] visual_concepts is missing/empty for slot A1:1:s1_b35. Deriving dynamically from scene 1 + visual_notes: ''
WARNING: [Visual Concepts Derivation Fallback] visual_concepts is missing/empty for slot V1:1:s1_b35. Deriving dynamically from scene 1 + visual_notes: ''
WARNING: [Visual Concepts Derivation Fallback] visual_concepts is missing/empty for slot A1:1:s1_b36. Deriving dynamically from scene 1 + visual_notes: ''
WARNING: [Visual Concepts Derivation Fallback] visual_concepts is missing/empty for slot V1:1:s1_b36. Deriving dynamically from scene 1 + visual_notes: ''
WARNING: [Visual Concepts Derivation Fallback] visual_concepts is missing/empty for slot A1:1:s1_b37. Deriving dynamically from scene 1 + visual_notes: ''
WARNING: [Visual Concepts Derivation Fallback] visual_concepts is missing/empty for slot V1:1:s1_b37. Deriving dynamically from scene 1 + visual_notes: ''
WARNING: [Visual Concepts Derivation Fallback] visual_concepts is missing/empty for slot A1:1:s1_b38. Deriving dynamically from scene 1 + visual_notes: ''
WARNING: [Visual Concepts Derivation Fallback] visual_concepts is missing/empty for slot V1:1:s1_b38. Deriving dynamically from scene 1 + visual_notes: ''
WARNING: [Visual Concepts Derivation Fallback] visual_concepts is missing/empty for slot A1:1:s1_b39. Deriving dynamically from scene 1 + visual_notes: ''
WARNING: [Visual Concepts Derivation Fallback] visual_concepts is missing/empty for slot V1:1:s1_b39. Deriving dynamically from scene 1 + visual_notes: ''
WARNING: [Visual Concepts Derivation Fallback] visual_concepts is missing/empty for slot A1:1:s1_b40. Deriving dynamically from scene 1 + visual_notes: ''
WARNING: [Visual Concepts Derivation Fallback] visual_concepts is missing/empty for slot V1:1:s1_b40. Deriving dynamically from scene 1 + visual_notes: ''
WARNING: [Visual Concepts Derivation Fallback] visual_concepts is missing/empty for slot A1:1:s1_b41. Deriving dynamically from scene 1 + visual_notes: ''
WARNING: [Visual Concepts Derivation Fallback] visual_concepts is missing/empty for slot V1:1:s1_b41. Deriving dynamically from scene 1 + visual_notes: ''
WARNING: [Visual Concepts Derivation Fallback] visual_concepts is missing/empty for slot A1:1:s1_b42. Deriving dynamically from scene 1 + visual_notes: ''
WARNING: [Visual Concepts Derivation Fallback] visual_concepts is missing/empty for slot V1:1:s1_b42. Deriving dynamically from scene 1 + visual_notes: ''
WARNING: [Visual Concepts Derivation Fallback] visual_concepts is missing/empty for slot A1:1:s1_b43. Deriving dynamically from scene 1 + visual_notes: ''
WARNING: [Visual Concepts Derivation Fallback] visual_concepts is missing/empty for slot V1:1:s1_b43. Deriving dynamically from scene 1 + visual_notes: ''
WARNING: [Visual Concepts Derivation Fallback] visual_concepts is missing/empty for slot A1:1:s1_b44. Deriving dynamically from scene 1 + visual_notes: ''
WARNING: [Visual Concepts Derivation Fallback] visual_concepts is missing/empty for slot V1:1:s1_b44. Deriving dynamically from scene 1 + visual_notes: ''
WARNING: [Visual Concepts Derivation Fallback] visual_concepts is missing/empty for slot A1:1:s1_b45. Deriving dynamically from scene 1 + visual_notes: ''
WARNING: [Visual Concepts Derivation Fallback] visual_concepts is missing/empty for slot V1:1:s1_b45. Deriving dynamically from scene 1 + visual_notes: ''
WARNING: [Visual Concepts Derivation Fallback] visual_concepts is missing/empty for slot A1:1:s1_b46. Deriving dynamically from scene 1 + visual_notes: ''
WARNING: [Visual Concepts Derivation Fallback] visual_concepts is missing/empty for slot V1:1:s1_b46. Deriving dynamically from scene 1 + visual_notes: ''
WARNING: [Visual Concepts Derivation Fallback] visual_concepts is missing/empty for slot A1:1:s1_b47. Deriving dynamically from scene 1 + visual_notes: ''
WARNING: [Visual Concepts Derivation Fallback] visual_concepts is missing/empty for slot V1:1:s1_b47. Deriving dynamically from scene 1 + visual_notes: ''
WARNING: [Visual Concepts Derivation Fallback] visual_concepts is missing/empty for slot A1:1:s1_b48. Deriving dynamically from scene 1 + visual_notes: ''
WARNING: [Visual Concepts Derivation Fallback] visual_concepts is missing/empty for slot V1:1:s1_b48. Deriving dynamically from scene 1 + visual_notes: ''
WARNING: [Visual Concepts Derivation Fallback] visual_concepts is missing/empty for slot A1:1:s1_b49. Deriving dynamically from scene 1 + visual_notes: ''
WARNING: [Visual Concepts Derivation Fallback] visual_concepts is missing/empty for slot V1:1:s1_b49. Deriving dynamically from scene 1 + visual_notes: ''
WARNING: [Visual Concepts Derivation Fallback] visual_concepts is missing/empty for slot A1:1:s1_b50. Deriving dynamically from scene 1 + visual_notes: ''
WARNING: [Visual Concepts Derivation Fallback] visual_concepts is missing/empty for slot V1:1:s1_b50. Deriving dynamically from scene 1 + visual_notes: ''
WARNING: [Visual Concepts Derivation Fallback] visual_concepts is missing/empty for slot A1:1:s1_b51. Deriving dynamically from scene 1 + visual_notes: ''
WARNING: [Visual Concepts Derivation Fallback] visual_concepts is missing/empty for slot V1:1:s1_b51. Deriving dynamically from scene 1 + visual_notes: ''
WARNING: [Visual Concepts Derivation Fallback] visual_concepts is missing/empty for slot A1:1:s1_b52. Deriving dynamically from scene 1 + visual_notes: ''
WARNING: [Visual Concepts Derivation Fallback] visual_concepts is missing/empty for slot V1:1:s1_b52. Deriving dynamically from scene 1 + visual_notes: ''
WARNING: [Visual Concepts Derivation Fallback] visual_concepts is missing/empty for slot A1:1:s1_b53. Deriving dynamically from scene 1 + visual_notes: ''
WARNING: [Visual Concepts Derivation Fallback] visual_concepts is missing/empty for slot V1:1:s1_b53. Deriving dynamically from scene 1 + visual_notes: ''
WARNING: [Visual Concepts Derivation Fallback] visual_concepts is missing/empty for slot A1:1:s1_b54. Deriving dynamically from scene 1 + visual_notes: ''
WARNING: [Visual Concepts Derivation Fallback] visual_concepts is missing/empty for slot V1:1:s1_b54. Deriving dynamically from scene 1 + visual_notes: ''
WARNING: [Visual Concepts Derivation Fallback] visual_concepts is missing/empty for slot A1:1:s1_b55. Deriving dynamically from scene 1 + visual_notes: ''
WARNING: [Visual Concepts Derivation Fallback] visual_concepts is missing/empty for slot V1:1:s1_b55. Deriving dynamically from scene 1 + visual_notes: ''
WARNING: [Visual Concepts Derivation Fallback] visual_concepts is missing/empty for slot A1:1:s1_b56. Deriving dynamically from scene 1 + visual_notes: ''
WARNING: [Visual Concepts Derivation Fallback] visual_concepts is missing/empty for slot V1:1:s1_b56. Deriving dynamically from scene 1 + visual_notes: ''
WARNING: [Visual Concepts Derivation Fallback] visual_concepts is missing/empty for slot A1:1:s1_b57. Deriving dynamically from scene 1 + visual_notes: ''
WARNING: [Visual Concepts Derivation Fallback] visual_concepts is missing/empty for slot V1:1:s1_b57. Deriving dynamically from scene 1 + visual_notes: ''
WARNING: [Visual Concepts Derivation Fallback] visual_concepts is missing/empty for slot A1:1:s1_b58. Deriving dynamically from scene 1 + visual_notes: ''
WARNING: [Visual Concepts Derivation Fallback] visual_concepts is missing/empty for slot V1:1:s1_b58. Deriving dynamically from scene 1 + visual_notes: ''
WARNING: [Visual Concepts Derivation Fallback] visual_concepts is missing/empty for slot A1:1:s1_b59. Deriving dynamically from scene 1 + visual_notes: ''
WARNING: [Visual Concepts Derivation Fallback] visual_concepts is missing/empty for slot V1:1:s1_b59. Deriving dynamically from scene 1 + visual_notes: ''
WARNING: [Visual Concepts Derivation Fallback] visual_concepts is missing/empty for slot A1:1:s1_b60. Deriving dynamically from scene 1 + visual_notes: ''
WARNING: [Visual Concepts Derivation Fallback] visual_concepts is missing/empty for slot V1:1:s1_b60. Deriving dynamically from scene 1 + visual_notes: ''
WARNING: [Visual Concepts Derivation Fallback] visual_concepts is missing/empty for slot A1:1:s1_b61. Deriving dynamically from scene 1 + visual_notes: ''
WARNING: [Visual Concepts Derivation Fallback] visual_concepts is missing/empty for slot V1:1:s1_b61. Deriving dynamically from scene 1 + visual_notes: ''
WARNING: [Visual Concepts Derivation Fallback] visual_concepts is missing/empty for slot A1:1:s1_b62. Deriving dynamically from scene 1 + visual_notes: ''
WARNING: [Visual Concepts Derivation Fallback] visual_concepts is missing/empty for slot V1:1:s1_b62. Deriving dynamically from scene 1 + visual_notes: ''
WARNING: [Visual Concepts Derivation Fallback] visual_concepts is missing/empty for slot A1:1:s1_b63. Deriving dynamically from scene 1 + visual_notes: ''
WARNING: [Visual Concepts Derivation Fallback] visual_concepts is missing/empty for slot V1:1:s1_b63. Deriving dynamically from scene 1 + visual_notes: ''
WARNING: [Visual Concepts Derivation Fallback] visual_concepts is missing/empty for slot A1:1:s1_b64. Deriving dynamically from scene 1 + visual_notes: ''
WARNING: [Visual Concepts Derivation Fallback] visual_concepts is missing/empty for slot V1:1:s1_b64. Deriving dynamically from scene 1 + visual_notes: ''
WARNING: [Visual Concepts Derivation Fallback] visual_concepts is missing/empty for slot A1:1:s1_b65. Deriving dynamically from scene 1 + visual_notes: ''
WARNING: [Visual Concepts Derivation Fallback] visual_concepts is missing/empty for slot V1:1:s1_b65. Deriving dynamically from scene 1 + visual_notes: ''
WARNING: [Visual Concepts Derivation Fallback] visual_concepts is missing/empty for slot A1:1:s1_b66. Deriving dynamically from scene 1 + visual_notes: ''
WARNING: [Visual Concepts Derivation Fallback] visual_concepts is missing/empty for slot V1:1:s1_b66. Deriving dynamically from scene 1 + visual_notes: ''
WARNING: [Visual Concepts Derivation Fallback] visual_concepts is missing/empty for slot A1:1:s1_b67. Deriving dynamically from scene 1 + visual_notes: ''
WARNING: [Visual Concepts Derivation Fallback] visual_concepts is missing/empty for slot V1:1:s1_b67. Deriving dynamically from scene 1 + visual_notes: ''
WARNING: [Visual Concepts Derivation Fallback] visual_concepts is missing/empty for slot A1:1:s1_b68. Deriving dynamically from scene 1 + visual_notes: ''
WARNING: [Visual Concepts Derivation Fallback] visual_concepts is missing/empty for slot V1:1:s1_b68. Deriving dynamically from scene 1 + visual_notes: ''
WARNING: [Visual Concepts Derivation Fallback] visual_concepts is missing/empty for slot A1:1:s1_b69. Deriving dynamically from scene 1 + visual_notes: ''
WARNING: [Visual Concepts Derivation Fallback] visual_concepts is missing/empty for slot V1:1:s1_b69. Deriving dynamically from scene 1 + visual_notes: ''
WARNING: [Visual Concepts Derivation Fallback] visual_concepts is missing/empty for slot A1:1:s1_b70. Deriving dynamically from scene 1 + visual_notes: ''
WARNING: [Visual Concepts Derivation Fallback] visual_concepts is missing/empty for slot V1:1:s1_b70. Deriving dynamically from scene 1 + visual_notes: ''
WARNING: [Visual Concepts Derivation Fallback] visual_concepts is missing/empty for slot A1:1:s1_b71. Deriving dynamically from scene 1 + visual_notes: ''
WARNING: [Visual Concepts Derivation Fallback] visual_concepts is missing/empty for slot V1:1:s1_b71. Deriving dynamically from scene 1 + visual_notes: ''
WARNING: [Visual Concepts Derivation Fallback] visual_concepts is missing/empty for slot A1:1:s1_b72. Deriving dynamically from scene 1 + visual_notes: ''
WARNING: [Visual Concepts Derivation Fallback] visual_concepts is missing/empty for slot V1:1:s1_b72. Deriving dynamically from scene 1 + visual_notes: ''
WARNING: [Visual Concepts Derivation Fallback] visual_concepts is missing/empty for slot A1:1:s1_b73. Deriving dynamically from scene 1 + visual_notes: ''
WARNING: [Visual Concepts Derivation Fallback] visual_concepts is missing/empty for slot V1:1:s1_b73. Deriving dynamically from scene 1 + visual_notes: ''
WARNING: [Visual Concepts Derivation Fallback] visual_concepts is missing/empty for slot A1:1:s1_b74. Deriving dynamically from scene 1 + visual_notes: ''
WARNING: [Visual Concepts Derivation Fallback] visual_concepts is missing/empty for slot V1:1:s1_b74. Deriving dynamically from scene 1 + visual_notes: ''
WARNING: [Visual Concepts Derivation Fallback] visual_concepts is missing/empty for slot A1:1:s1_b75. Deriving dynamically from scene 1 + visual_notes: ''
WARNING: [Visual Concepts Derivation Fallback] visual_concepts is missing/empty for slot V1:1:s1_b75. Deriving dynamically from scene 1 + visual_notes: ''
WARNING: [Visual Concepts Derivation Fallback] visual_concepts is missing/empty for slot A1:1:s1_b76. Deriving dynamically from scene 1 + visual_notes: ''
WARNING: [Visual Concepts Derivation Fallback] visual_concepts is missing/empty for slot V1:1:s1_b76. Deriving dynamically from scene 1 + visual_notes: ''
WARNING: [Visual Concepts Derivation Fallback] visual_concepts is missing/empty for slot A1:1:s1_b77. Deriving dynamically from scene 1 + visual_notes: ''
WARNING: [Visual Concepts Derivation Fallback] visual_concepts is missing/empty for slot V1:1:s1_b77. Deriving dynamically from scene 1 + visual_notes: ''
WARNING: [Visual Concepts Derivation Fallback] visual_concepts is missing/empty for slot A1:1:s1_b78. Deriving dynamically from scene 1 + visual_notes: ''
WARNING: [Visual Concepts Derivation Fallback] visual_concepts is missing/empty for slot V1:1:s1_b78. Deriving dynamically from scene 1 + visual_notes: ''
WARNING: [Visual Concepts Derivation Fallback] visual_concepts is missing/empty for slot A1:1:s1_b79. Deriving dynamically from scene 1 + visual_notes: ''
WARNING: [Visual Concepts Derivation Fallback] visual_concepts is missing/empty for slot V1:1:s1_b79. Deriving dynamically from scene 1 + visual_notes: ''
WARNING: [Visual Concepts Derivation Fallback] visual_concepts is missing/empty for slot A1:1:s1_b80. Deriving dynamically from scene 1 + visual_notes: ''
WARNING: [Visual Concepts Derivation Fallback] visual_concepts is missing/empty for slot V1:1:s1_b80. Deriving dynamically from scene 1 + visual_notes: ''
WARNING: [Visual Concepts Derivation Fallback] visual_concepts is missing/empty for slot A1:1:s1_b81. Deriving dynamically from scene 1 + visual_notes: ''
WARNING: [Visual Concepts Derivation Fallback] visual_concepts is missing/empty for slot V1:1:s1_b81. Deriving dynamically from scene 1 + visual_notes: ''
WARNING: [Visual Concepts Derivation Fallback] visual_concepts is missing/empty for slot A1:1:s1_b82. Deriving dynamically from scene 1 + visual_notes: ''
WARNING: [Visual Concepts Derivation Fallback] visual_concepts is missing/empty for slot V1:1:s1_b82. Deriving dynamically from scene 1 + visual_notes: ''
WARNING: [Visual Concepts Derivation Fallback] visual_concepts is missing/empty for slot A1:1:s1_b83. Deriving dynamically from scene 1 + visual_notes: ''
WARNING: [Visual Concepts Derivation Fallback] visual_concepts is missing/empty for slot V1:1:s1_b83. Deriving dynamically from scene 1 + visual_notes: ''
WARNING: [Visual Concepts Derivation Fallback] visual_concepts is missing/empty for slot A1:1:s1_b84. Deriving dynamically from scene 1 + visual_notes: ''
WARNING: [Visual Concepts Derivation Fallback] visual_concepts is missing/empty for slot V1:1:s1_b84. Deriving dynamically from scene 1 + visual_notes: ''
WARNING: [Visual Concepts Derivation Fallback] visual_concepts is missing/empty for slot A1:1:s1_b85. Deriving dynamically from scene 1 + visual_notes: ''
WARNING: [Visual Concepts Derivation Fallback] visual_concepts is missing/empty for slot V1:1:s1_b85. Deriving dynamically from scene 1 + visual_notes: ''
WARNING: [Visual Concepts Derivation Fallback] visual_concepts is missing/empty for slot A1:1:s1_b86. Deriving dynamically from scene 1 + visual_notes: ''
WARNING: [Visual Concepts Derivation Fallback] visual_concepts is missing/empty for slot V1:1:s1_b86. Deriving dynamically from scene 1 + visual_notes: ''
WARNING: [Visual Concepts Derivation Fallback] visual_concepts is missing/empty for slot A1:1:s1_b87. Deriving dynamically from scene 1 + visual_notes: ''
WARNING: [Visual Concepts Derivation Fallback] visual_concepts is missing/empty for slot V1:1:s1_b87. Deriving dynamically from scene 1 + visual_notes: ''
WARNING: [Visual Concepts Derivation Fallback] visual_concepts is missing/empty for slot A1:1:s1_b88. Deriving dynamically from scene 1 + visual_notes: ''
WARNING: [Visual Concepts Derivation Fallback] visual_concepts is missing/empty for slot V1:1:s1_b88. Deriving dynamically from scene 1 + visual_notes: ''
WARNING: [Visual Concepts Derivation Fallback] visual_concepts is missing/empty for slot A1:1:s1_b89. Deriving dynamically from scene 1 + visual_notes: ''
WARNING: [Visual Concepts Derivation Fallback] visual_concepts is missing/empty for slot V1:1:s1_b89. Deriving dynamically from scene 1 + visual_notes: ''
WARNING: [Visual Concepts Derivation Fallback] visual_concepts is missing/empty for slot A1:1:s1_b90. Deriving dynamically from scene 1 + visual_notes: ''
WARNING: [Visual Concepts Derivation Fallback] visual_concepts is missing/empty for slot V1:1:s1_b90. Deriving dynamically from scene 1 + visual_notes: ''
WARNING: [Visual Concepts Derivation Fallback] visual_concepts is missing/empty for slot A1:1:s1_b91. Deriving dynamically from scene 1 + visual_notes: ''
WARNING: [Visual Concepts Derivation Fallback] visual_concepts is missing/empty for slot V1:1:s1_b91. Deriving dynamically from scene 1 + visual_notes: ''
WARNING: [Visual Concepts Derivation Fallback] visual_concepts is missing/empty for slot A1:1:s1_b92. Deriving dynamically from scene 1 + visual_notes: ''
WARNING: [Visual Concepts Derivation Fallback] visual_concepts is missing/empty for slot V1:1:s1_b92. Deriving dynamically from scene 1 + visual_notes: ''
WARNING: [Visual Concepts Derivation Fallback] visual_concepts is missing/empty for slot A1:1:s1_b93. Deriving dynamically from scene 1 + visual_notes: ''
WARNING: [Visual Concepts Derivation Fallback] visual_concepts is missing/empty for slot V1:1:s1_b93. Deriving dynamically from scene 1 + visual_notes: ''
WARNING: [Visual Concepts Derivation Fallback] visual_concepts is missing/empty for slot A1:1:s1_b94. Deriving dynamically from scene 1 + visual_notes: ''
WARNING: [Visual Concepts Derivation Fallback] visual_concepts is missing/empty for slot V1:1:s1_b94. Deriving dynamically from scene 1 + visual_notes: ''
WARNING: [Visual Concepts Derivation Fallback] visual_concepts is missing/empty for slot A1:1:s1_b95. Deriving dynamically from scene 1 + visual_notes: ''
WARNING: [Visual Concepts Derivation Fallback] visual_concepts is missing/empty for slot V1:1:s1_b95. Deriving dynamically from scene 1 + visual_notes: ''
WARNING: [Visual Concepts Derivation Fallback] visual_concepts is missing/empty for slot A1:1:s1_b96. Deriving dynamically from scene 1 + visual_notes: ''
WARNING: [Visual Concepts Derivation Fallback] visual_concepts is missing/empty for slot V1:1:s1_b96. Deriving dynamically from scene 1 + visual_notes: ''
WARNING: [Visual Concepts Derivation Fallback] visual_concepts is missing/empty for slot A1:1:s1_b97. Deriving dynamically from scene 1 + visual_notes: ''
WARNING: [Visual Concepts Derivation Fallback] visual_concepts is missing/empty for slot V1:1:s1_b97. Deriving dynamically from scene 1 + visual_notes: ''
WARNING: [Visual Concepts Derivation Fallback] visual_concepts is missing/empty for slot A1:1:s1_b98. Deriving dynamically from scene 1 + visual_notes: ''
WARNING: [Visual Concepts Derivation Fallback] visual_concepts is missing/empty for slot V1:1:s1_b98. Deriving dynamically from scene 1 + visual_notes: ''
WARNING: [Visual Concepts Derivation Fallback] visual_concepts is missing/empty for slot A1:1:s1_b99. Deriving dynamically from scene 1 + visual_notes: ''
WARNING: [Visual Concepts Derivation Fallback] visual_concepts is missing/empty for slot V1:1:s1_b99. Deriving dynamically from scene 1 + visual_notes: ''
WARNING: [Visual Concepts Derivation Fallback] visual_concepts is missing/empty for slot A1:1:s1_b100. Deriving dynamically from scene 1 + visual_notes: ''
WARNING: [Visual Concepts Derivation Fallback] visual_concepts is missing/empty for slot V1:1:s1_b100. Deriving dynamically from scene 1 + visual_notes: ''
WARNING: [Visual Concepts Derivation Fallback] visual_concepts is missing/empty for slot A1:1:s1_b1. Deriving dynamically from scene 1 + visual_notes: ''
WARNING: [Visual Concepts Derivation Fallback] visual_concepts is missing/empty for slot V1:1:s1_b1. Deriving dynamically from scene 1 + visual_notes: ''
WARNING: [Visual Concepts Derivation Fallback] visual_concepts is missing/empty for slot A1:1:s1_b2. Deriving dynamically from scene 1 + visual_notes: ''
WARNING: [Visual Concepts Derivation Fallback] visual_concepts is missing/empty for slot V1:1:s1_b2. Deriving dynamically from scene 1 + visual_notes: ''
WARNING: [Visual Concepts Derivation Fallback] visual_concepts is missing/empty for slot A1:1:s1_b3. Deriving dynamically from scene 1 + visual_notes: ''
WARNING: [Visual Concepts Derivation Fallback] visual_concepts is missing/empty for slot V1:1:s1_b3. Deriving dynamically from scene 1 + visual_notes: ''
WARNING: [Visual Concepts Derivation Fallback] visual_concepts is missing/empty for slot A1:1:s1_b4. Deriving dynamically from scene 1 + visual_notes: ''
WARNING: [Visual Concepts Derivation Fallback] visual_concepts is missing/empty for slot V1:1:s1_b4. Deriving dynamically from scene 1 + visual_notes: ''
WARNING: [Visual Concepts Derivation Fallback] visual_concepts is missing/empty for slot A1:1:s1_b5. Deriving dynamically from scene 1 + visual_notes: ''
WARNING: [Visual Concepts Derivation Fallback] visual_concepts is missing/empty for slot V1:1:s1_b5. Deriving dynamically from scene 1 + visual_notes: ''
WARNING: [Visual Concepts Derivation Fallback] visual_concepts is missing/empty for slot A1:1:s1_b6. Deriving dynamically from scene 1 + visual_notes: ''
WARNING: [Visual Concepts Derivation Fallback] visual_concepts is missing/empty for slot V1:1:s1_b6. Deriving dynamically from scene 1 + visual_notes: ''
WARNING: [Visual Concepts Derivation Fallback] visual_concepts is missing/empty for slot A1:1:s1_b7. Deriving dynamically from scene 1 + visual_notes: ''
WARNING: [Visual Concepts Derivation Fallback] visual_concepts is missing/empty for slot V1:1:s1_b7. Deriving dynamically from scene 1 + visual_notes: ''
WARNING: [Visual Concepts Derivation Fallback] visual_concepts is missing/empty for slot A1:1:s1_b8. Deriving dynamically from scene 1 + visual_notes: ''
WARNING: [Visual Concepts Derivation Fallback] visual_concepts is missing/empty for slot V1:1:s1_b8. Deriving dynamically from scene 1 + visual_notes: ''
WARNING: [Visual Concepts Derivation Fallback] visual_concepts is missing/empty for slot A1:1:s1_b9. Deriving dynamically from scene 1 + visual_notes: ''
WARNING: [Visual Concepts Derivation Fallback] visual_concepts is missing/empty for slot V1:1:s1_b9. Deriving dynamically from scene 1 + visual_notes: ''
WARNING: [Visual Concepts Derivation Fallback] visual_concepts is missing/empty for slot A1:1:s1_b10. Deriving dynamically from scene 1 + visual_notes: ''
WARNING: [Visual Concepts Derivation Fallback] visual_concepts is missing/empty for slot V1:1:s1_b10. Deriving dynamically from scene 1 + visual_notes: ''
WARNING: [Visual Concepts Derivation Fallback] visual_concepts is missing/empty for slot A1:1:s1_b11. Deriving dynamically from scene 1 + visual_notes: ''
WARNING: [Visual Concepts Derivation Fallback] visual_concepts is missing/empty for slot V1:1:s1_b11. Deriving dynamically from scene 1 + visual_notes: ''
WARNING: [Visual Concepts Derivation Fallback] visual_concepts is missing/empty for slot A1:1:s1_b12. Deriving dynamically from scene 1 + visual_notes: ''
WARNING: [Visual Concepts Derivation Fallback] visual_concepts is missing/empty for slot V1:1:s1_b12. Deriving dynamically from scene 1 + visual_notes: ''
WARNING: [Visual Concepts Derivation Fallback] visual_concepts is missing/empty for slot A1:1:s1_b13. Deriving dynamically from scene 1 + visual_notes: ''
WARNING: [Visual Concepts Derivation Fallback] visual_concepts is missing/empty for slot V1:1:s1_b13. Deriving dynamically from scene 1 + visual_notes: ''
WARNING: [Visual Concepts Derivation Fallback] visual_concepts is missing/empty for slot A1:1:s1_b14. Deriving dynamically from scene 1 + visual_notes: ''
WARNING: [Visual Concepts Derivation Fallback] visual_concepts is missing/empty for slot V1:1:s1_b14. Deriving dynamically from scene 1 + visual_notes: ''
WARNING: [Visual Concepts Derivation Fallback] visual_concepts is missing/empty for slot A1:1:s1_b15. Deriving dynamically from scene 1 + visual_notes: ''
WARNING: [Visual Concepts Derivation Fallback] visual_concepts is missing/empty for slot V1:1:s1_b15. Deriving dynamically from scene 1 + visual_notes: ''
WARNING: [Visual Concepts Derivation Fallback] visual_concepts is missing/empty for slot A1:1:s1_b16. Deriving dynamically from scene 1 + visual_notes: ''
WARNING: [Visual Concepts Derivation Fallback] visual_concepts is missing/empty for slot V1:1:s1_b16. Deriving dynamically from scene 1 + visual_notes: ''
WARNING: [Visual Concepts Derivation Fallback] visual_concepts is missing/empty for slot A1:1:s1_b17. Deriving dynamically from scene 1 + visual_notes: ''
WARNING: [Visual Concepts Derivation Fallback] visual_concepts is missing/empty for slot V1:1:s1_b17. Deriving dynamically from scene 1 + visual_notes: ''
WARNING: [Visual Concepts Derivation Fallback] visual_concepts is missing/empty for slot A1:1:s1_b18. Deriving dynamically from scene 1 + visual_notes: ''
WARNING: [Visual Concepts Derivation Fallback] visual_concepts is missing/empty for slot V1:1:s1_b18. Deriving dynamically from scene 1 + visual_notes: ''
WARNING: [Visual Concepts Derivation Fallback] visual_concepts is missing/empty for slot A1:1:s1_b19. Deriving dynamically from scene 1 + visual_notes: ''
WARNING: [Visual Concepts Derivation Fallback] visual_concepts is missing/empty for slot V1:1:s1_b19. Deriving dynamically from scene 1 + visual_notes: ''
WARNING: [Visual Concepts Derivation Fallback] visual_concepts is missing/empty for slot A1:1:s1_b20. Deriving dynamically from scene 1 + visual_notes: ''
WARNING: [Visual Concepts Derivation Fallback] visual_concepts is missing/empty for slot V1:1:s1_b20. Deriving dynamically from scene 1 + visual_notes: ''
WARNING: [Visual Concepts Derivation Fallback] visual_concepts is missing/empty for slot A1:1:s1_b21. Deriving dynamically from scene 1 + visual_notes: ''
WARNING: [Visual Concepts Derivation Fallback] visual_concepts is missing/empty for slot V1:1:s1_b21. Deriving dynamically from scene 1 + visual_notes: ''
WARNING: [Visual Concepts Derivation Fallback] visual_concepts is missing/empty for slot A1:1:s1_b22. Deriving dynamically from scene 1 + visual_notes: ''
WARNING: [Visual Concepts Derivation Fallback] visual_concepts is missing/empty for slot V1:1:s1_b22. Deriving dynamically from scene 1 + visual_notes: ''
WARNING: [Visual Concepts Derivation Fallback] visual_concepts is missing/empty for slot A1:1:s1_b23. Deriving dynamically from scene 1 + visual_notes: ''
WARNING: [Visual Concepts Derivation Fallback] visual_concepts is missing/empty for slot V1:1:s1_b23. Deriving dynamically from scene 1 + visual_notes: ''
WARNING: [Visual Concepts Derivation Fallback] visual_concepts is missing/empty for slot A1:1:s1_b24. Deriving dynamically from scene 1 + visual_notes: ''
WARNING: [Visual Concepts Derivation Fallback] visual_concepts is missing/empty for slot V1:1:s1_b24. Deriving dynamically from scene 1 + visual_notes: ''
WARNING: [Visual Concepts Derivation Fallback] visual_concepts is missing/empty for slot A1:1:s1_b25. Deriving dynamically from scene 1 + visual_notes: ''
WARNING: [Visual Concepts Derivation Fallback] visual_concepts is missing/empty for slot V1:1:s1_b25. Deriving dynamically from scene 1 + visual_notes: ''
WARNING: [Visual Concepts Derivation Fallback] visual_concepts is missing/empty for slot A1:1:s1_b26. Deriving dynamically from scene 1 + visual_notes: ''
WARNING: [Visual Concepts Derivation Fallback] visual_concepts is missing/empty for slot V1:1:s1_b26. Deriving dynamically from scene 1 + visual_notes: ''
WARNING: [Visual Concepts Derivation Fallback] visual_concepts is missing/empty for slot A1:1:s1_b27. Deriving dynamically from scene 1 + visual_notes: ''
WARNING: [Visual Concepts Derivation Fallback] visual_concepts is missing/empty for slot V1:1:s1_b27. Deriving dynamically from scene 1 + visual_notes: ''
WARNING: [Visual Concepts Derivation Fallback] visual_concepts is missing/empty for slot A1:1:s1_b28. Deriving dynamically from scene 1 + visual_notes: ''
WARNING: [Visual Concepts Derivation Fallback] visual_concepts is missing/empty for slot V1:1:s1_b28. Deriving dynamically from scene 1 + visual_notes: ''
WARNING: [Visual Concepts Derivation Fallback] visual_concepts is missing/empty for slot A1:1:s1_b29. Deriving dynamically from scene 1 + visual_notes: ''
WARNING: [Visual Concepts Derivation Fallback] visual_concepts is missing/empty for slot V1:1:s1_b29. Deriving dynamically from scene 1 + visual_notes: ''
WARNING: [Visual Concepts Derivation Fallback] visual_concepts is missing/empty for slot A1:1:s1_b30. Deriving dynamically from scene 1 + visual_notes: ''
WARNING: [Visual Concepts Derivation Fallback] visual_concepts is missing/empty for slot V1:1:s1_b30. Deriving dynamically from scene 1 + visual_notes: ''
WARNING: [Visual Concepts Derivation Fallback] visual_concepts is missing/empty for slot A1:1:s1_b31. Deriving dynamically from scene 1 + visual_notes: ''
WARNING: [Visual Concepts Derivation Fallback] visual_concepts is missing/empty for slot V1:1:s1_b31. Deriving dynamically from scene 1 + visual_notes: ''
WARNING: [Visual Concepts Derivation Fallback] visual_concepts is missing/empty for slot A1:1:s1_b32. Deriving dynamically from scene 1 + visual_notes: ''
WARNING: [Visual Concepts Derivation Fallback] visual_concepts is missing/empty for slot V1:1:s1_b32. Deriving dynamically from scene 1 + visual_notes: ''
WARNING: [Visual Concepts Derivation Fallback] visual_concepts is missing/empty for slot A1:1:s1_b33. Deriving dynamically from scene 1 + visual_notes: ''
WARNING: [Visual Concepts Derivation Fallback] visual_concepts is missing/empty for slot V1:1:s1_b33. Deriving dynamically from scene 1 + visual_notes: ''
WARNING: [Visual Concepts Derivation Fallback] visual_concepts is missing/empty for slot A1:1:s1_b34. Deriving dynamically from scene 1 + visual_notes: ''
WARNING: [Visual Concepts Derivation Fallback] visual_concepts is missing/empty for slot V1:1:s1_b34. Deriving dynamically from scene 1 + visual_notes: ''
WARNING: [Visual Concepts Derivation Fallback] visual_concepts is missing/empty for slot A1:1:s1_b35. Deriving dynamically from scene 1 + visual_notes: ''
WARNING: [Visual Concepts Derivation Fallback] visual_concepts is missing/empty for slot V1:1:s1_b35. Deriving dynamically from scene 1 + visual_notes: ''
WARNING: [Visual Concepts Derivation Fallback] visual_concepts is missing/empty for slot A1:1:s1_b36. Deriving dynamically from scene 1 + visual_notes: ''
WARNING: [Visual Concepts Derivation Fallback] visual_concepts is missing/empty for slot V1:1:s1_b36. Deriving dynamically from scene 1 + visual_notes: ''
WARNING: [Visual Concepts Derivation Fallback] visual_concepts is missing/empty for slot A1:1:s1_b37. Deriving dynamically from scene 1 + visual_notes: ''
WARNING: [Visual Concepts Derivation Fallback] visual_concepts is missing/empty for slot V1:1:s1_b37. Deriving dynamically from scene 1 + visual_notes: ''
WARNING: [Visual Concepts Derivation Fallback] visual_concepts is missing/empty for slot A1:1:s1_b38. Deriving dynamically from scene 1 + visual_notes: ''
WARNING: [Visual Concepts Derivation Fallback] visual_concepts is missing/empty for slot V1:1:s1_b38. Deriving dynamically from scene 1 + visual_notes: ''
WARNING: [Visual Concepts Derivation Fallback] visual_concepts is missing/empty for slot A1:1:s1_b39. Deriving dynamically from scene 1 + visual_notes: ''
WARNING: [Visual Concepts Derivation Fallback] visual_concepts is missing/empty for slot V1:1:s1_b39. Deriving dynamically from scene 1 + visual_notes: ''
WARNING: [Visual Concepts Derivation Fallback] visual_concepts is missing/empty for slot A1:1:s1_b40. Deriving dynamically from scene 1 + visual_notes: ''
WARNING: [Visual Concepts Derivation Fallback] visual_concepts is missing/empty for slot V1:1:s1_b40. Deriving dynamically from scene 1 + visual_notes: ''
WARNING: [Visual Concepts Derivation Fallback] visual_concepts is missing/empty for slot A1:1:s1_b41. Deriving dynamically from scene 1 + visual_notes: ''
WARNING: [Visual Concepts Derivation Fallback] visual_concepts is missing/empty for slot V1:1:s1_b41. Deriving dynamically from scene 1 + visual_notes: ''
WARNING: [Visual Concepts Derivation Fallback] visual_concepts is missing/empty for slot A1:1:s1_b42. Deriving dynamically from scene 1 + visual_notes: ''
WARNING: [Visual Concepts Derivation Fallback] visual_concepts is missing/empty for slot V1:1:s1_b42. Deriving dynamically from scene 1 + visual_notes: ''
WARNING: [Visual Concepts Derivation Fallback] visual_concepts is missing/empty for slot A1:1:s1_b43. Deriving dynamically from scene 1 + visual_notes: ''
WARNING: [Visual Concepts Derivation Fallback] visual_concepts is missing/empty for slot V1:1:s1_b43. Deriving dynamically from scene 1 + visual_notes: ''
WARNING: [Visual Concepts Derivation Fallback] visual_concepts is missing/empty for slot A1:1:s1_b44. Deriving dynamically from scene 1 + visual_notes: ''
WARNING: [Visual Concepts Derivation Fallback] visual_concepts is missing/empty for slot V1:1:s1_b44. Deriving dynamically from scene 1 + visual_notes: ''
WARNING: [Visual Concepts Derivation Fallback] visual_concepts is missing/empty for slot A1:1:s1_b45. Deriving dynamically from scene 1 + visual_notes: ''
WARNING: [Visual Concepts Derivation Fallback] visual_concepts is missing/empty for slot V1:1:s1_b45. Deriving dynamically from scene 1 + visual_notes: ''
WARNING: [Visual Concepts Derivation Fallback] visual_concepts is missing/empty for slot A1:1:s1_b46. Deriving dynamically from scene 1 + visual_notes: ''
WARNING: [Visual Concepts Derivation Fallback] visual_concepts is missing/empty for slot V1:1:s1_b46. Deriving dynamically from scene 1 + visual_notes: ''
WARNING: [Visual Concepts Derivation Fallback] visual_concepts is missing/empty for slot A1:1:s1_b47. Deriving dynamically from scene 1 + visual_notes: ''
WARNING: [Visual Concepts Derivation Fallback] visual_concepts is missing/empty for slot V1:1:s1_b47. Deriving dynamically from scene 1 + visual_notes: ''
WARNING: [Visual Concepts Derivation Fallback] visual_concepts is missing/empty for slot A1:1:s1_b48. Deriving dynamically from scene 1 + visual_notes: ''
WARNING: [Visual Concepts Derivation Fallback] visual_concepts is missing/empty for slot V1:1:s1_b48. Deriving dynamically from scene 1 + visual_notes: ''
WARNING: [Visual Concepts Derivation Fallback] visual_concepts is missing/empty for slot A1:1:s1_b49. Deriving dynamically from scene 1 + visual_notes: ''
WARNING: [Visual Concepts Derivation Fallback] visual_concepts is missing/empty for slot V1:1:s1_b49. Deriving dynamically from scene 1 + visual_notes: ''
WARNING: [Visual Concepts Derivation Fallback] visual_concepts is missing/empty for slot A1:1:s1_b50. Deriving dynamically from scene 1 + visual_notes: ''
WARNING: [Visual Concepts Derivation Fallback] visual_concepts is missing/empty for slot V1:1:s1_b50. Deriving dynamically from scene 1 + visual_notes: ''
WARNING: [Visual Concepts Derivation Fallback] visual_concepts is missing/empty for slot A1:1:s1_b51. Deriving dynamically from scene 1 + visual_notes: ''
WARNING: [Visual Concepts Derivation Fallback] visual_concepts is missing/empty for slot V1:1:s1_b51. Deriving dynamically from scene 1 + visual_notes: ''
WARNING: [Visual Concepts Derivation Fallback] visual_concepts is missing/empty for slot A1:1:s1_b52. Deriving dynamically from scene 1 + visual_notes: ''
WARNING: [Visual Concepts Derivation Fallback] visual_concepts is missing/empty for slot V1:1:s1_b52. Deriving dynamically from scene 1 + visual_notes: ''
WARNING: [Visual Concepts Derivation Fallback] visual_concepts is missing/empty for slot A1:1:s1_b53. Deriving dynamically from scene 1 + visual_notes: ''
WARNING: [Visual Concepts Derivation Fallback] visual_concepts is missing/empty for slot V1:1:s1_b53. Deriving dynamically from scene 1 + visual_notes: ''
WARNING: [Visual Concepts Derivation Fallback] visual_concepts is missing/empty for slot A1:1:s1_b54. Deriving dynamically from scene 1 + visual_notes: ''
WARNING: [Visual Concepts Derivation Fallback] visual_concepts is missing/empty for slot V1:1:s1_b54. Deriving dynamically from scene 1 + visual_notes: ''
WARNING: [Visual Concepts Derivation Fallback] visual_concepts is missing/empty for slot A1:1:s1_b55. Deriving dynamically from scene 1 + visual_notes: ''
WARNING: [Visual Concepts Derivation Fallback] visual_concepts is missing/empty for slot V1:1:s1_b55. Deriving dynamically from scene 1 + visual_notes: ''
WARNING: [Visual Concepts Derivation Fallback] visual_concepts is missing/empty for slot A1:1:s1_b56. Deriving dynamically from scene 1 + visual_notes: ''
WARNING: [Visual Concepts Derivation Fallback] visual_concepts is missing/empty for slot V1:1:s1_b56. Deriving dynamically from scene 1 + visual_notes: ''
WARNING: [Visual Concepts Derivation Fallback] visual_concepts is missing/empty for slot A1:1:s1_b57. Deriving dynamically from scene 1 + visual_notes: ''
WARNING: [Visual Concepts Derivation Fallback] visual_concepts is missing/empty for slot V1:1:s1_b57. Deriving dynamically from scene 1 + visual_notes: ''
WARNING: [Visual Concepts Derivation Fallback] visual_concepts is missing/empty for slot A1:1:s1_b58. Deriving dynamically from scene 1 + visual_notes: ''
WARNING: [Visual Concepts Derivation Fallback] visual_concepts is missing/empty for slot V1:1:s1_b58. Deriving dynamically from scene 1 + visual_notes: ''
WARNING: [Visual Concepts Derivation Fallback] visual_concepts is missing/empty for slot A1:1:s1_b59. Deriving dynamically from scene 1 + visual_notes: ''
WARNING: [Visual Concepts Derivation Fallback] visual_concepts is missing/empty for slot V1:1:s1_b59. Deriving dynamically from scene 1 + visual_notes: ''
WARNING: [Visual Concepts Derivation Fallback] visual_concepts is missing/empty for slot A1:1:s1_b60. Deriving dynamically from scene 1 + visual_notes: ''
WARNING: [Visual Concepts Derivation Fallback] visual_concepts is missing/empty for slot V1:1:s1_b60. Deriving dynamically from scene 1 + visual_notes: ''
WARNING: [Visual Concepts Derivation Fallback] visual_concepts is missing/empty for slot A1:1:s1_b61. Deriving dynamically from scene 1 + visual_notes: ''
WARNING: [Visual Concepts Derivation Fallback] visual_concepts is missing/empty for slot V1:1:s1_b61. Deriving dynamically from scene 1 + visual_notes: ''
WARNING: [Visual Concepts Derivation Fallback] visual_concepts is missing/empty for slot A1:1:s1_b62. Deriving dynamically from scene 1 + visual_notes: ''
WARNING: [Visual Concepts Derivation Fallback] visual_concepts is missing/empty for slot V1:1:s1_b62. Deriving dynamically from scene 1 + visual_notes: ''
WARNING: [Visual Concepts Derivation Fallback] visual_concepts is missing/empty for slot A1:1:s1_b63. Deriving dynamically from scene 1 + visual_notes: ''
WARNING: [Visual Concepts Derivation Fallback] visual_concepts is missing/empty for slot V1:1:s1_b63. Deriving dynamically from scene 1 + visual_notes: ''
WARNING: [Visual Concepts Derivation Fallback] visual_concepts is missing/empty for slot A1:1:s1_b64. Deriving dynamically from scene 1 + visual_notes: ''
WARNING: [Visual Concepts Derivation Fallback] visual_concepts is missing/empty for slot V1:1:s1_b64. Deriving dynamically from scene 1 + visual_notes: ''
WARNING: [Visual Concepts Derivation Fallback] visual_concepts is missing/empty for slot A1:1:s1_b65. Deriving dynamically from scene 1 + visual_notes: ''
WARNING: [Visual Concepts Derivation Fallback] visual_concepts is missing/empty for slot V1:1:s1_b65. Deriving dynamically from scene 1 + visual_notes: ''
WARNING: [Visual Concepts Derivation Fallback] visual_concepts is missing/empty for slot A1:1:s1_b66. Deriving dynamically from scene 1 + visual_notes: ''
WARNING: [Visual Concepts Derivation Fallback] visual_concepts is missing/empty for slot V1:1:s1_b66. Deriving dynamically from scene 1 + visual_notes: ''
WARNING: [Visual Concepts Derivation Fallback] visual_concepts is missing/empty for slot A1:1:s1_b67. Deriving dynamically from scene 1 + visual_notes: ''
WARNING: [Visual Concepts Derivation Fallback] visual_concepts is missing/empty for slot V1:1:s1_b67. Deriving dynamically from scene 1 + visual_notes: ''
WARNING: [Visual Concepts Derivation Fallback] visual_concepts is missing/empty for slot A1:1:s1_b68. Deriving dynamically from scene 1 + visual_notes: ''
WARNING: [Visual Concepts Derivation Fallback] visual_concepts is missing/empty for slot V1:1:s1_b68. Deriving dynamically from scene 1 + visual_notes: ''
WARNING: [Visual Concepts Derivation Fallback] visual_concepts is missing/empty for slot A1:1:s1_b69. Deriving dynamically from scene 1 + visual_notes: ''
WARNING: [Visual Concepts Derivation Fallback] visual_concepts is missing/empty for slot V1:1:s1_b69. Deriving dynamically from scene 1 + visual_notes: ''
WARNING: [Visual Concepts Derivation Fallback] visual_concepts is missing/empty for slot A1:1:s1_b70. Deriving dynamically from scene 1 + visual_notes: ''
WARNING: [Visual Concepts Derivation Fallback] visual_concepts is missing/empty for slot V1:1:s1_b70. Deriving dynamically from scene 1 + visual_notes: ''
WARNING: [Visual Concepts Derivation Fallback] visual_concepts is missing/empty for slot A1:1:s1_b71. Deriving dynamically from scene 1 + visual_notes: ''
WARNING: [Visual Concepts Derivation Fallback] visual_concepts is missing/empty for slot V1:1:s1_b71. Deriving dynamically from scene 1 + visual_notes: ''
WARNING: [Visual Concepts Derivation Fallback] visual_concepts is missing/empty for slot A1:1:s1_b72. Deriving dynamically from scene 1 + visual_notes: ''
WARNING: [Visual Concepts Derivation Fallback] visual_concepts is missing/empty for slot V1:1:s1_b72. Deriving dynamically from scene 1 + visual_notes: ''
WARNING: [Visual Concepts Derivation Fallback] visual_concepts is missing/empty for slot A1:1:s1_b73. Deriving dynamically from scene 1 + visual_notes: ''
WARNING: [Visual Concepts Derivation Fallback] visual_concepts is missing/empty for slot V1:1:s1_b73. Deriving dynamically from scene 1 + visual_notes: ''
WARNING: [Visual Concepts Derivation Fallback] visual_concepts is missing/empty for slot A1:1:s1_b74. Deriving dynamically from scene 1 + visual_notes: ''
WARNING: [Visual Concepts Derivation Fallback] visual_concepts is missing/empty for slot V1:1:s1_b74. Deriving dynamically from scene 1 + visual_notes: ''
WARNING: [Visual Concepts Derivation Fallback] visual_concepts is missing/empty for slot A1:1:s1_b75. Deriving dynamically from scene 1 + visual_notes: ''
WARNING: [Visual Concepts Derivation Fallback] visual_concepts is missing/empty for slot V1:1:s1_b75. Deriving dynamically from scene 1 + visual_notes: ''
WARNING: [Visual Concepts Derivation Fallback] visual_concepts is missing/empty for slot A1:1:s1_b76. Deriving dynamically from scene 1 + visual_notes: ''
WARNING: [Visual Concepts Derivation Fallback] visual_concepts is missing/empty for slot V1:1:s1_b76. Deriving dynamically from scene 1 + visual_notes: ''
WARNING: [Visual Concepts Derivation Fallback] visual_concepts is missing/empty for slot A1:1:s1_b77. Deriving dynamically from scene 1 + visual_notes: ''
WARNING: [Visual Concepts Derivation Fallback] visual_concepts is missing/empty for slot V1:1:s1_b77. Deriving dynamically from scene 1 + visual_notes: ''
WARNING: [Visual Concepts Derivation Fallback] visual_concepts is missing/empty for slot A1:1:s1_b78. Deriving dynamically from scene 1 + visual_notes: ''
WARNING: [Visual Concepts Derivation Fallback] visual_concepts is missing/empty for slot V1:1:s1_b78. Deriving dynamically from scene 1 + visual_notes: ''
WARNING: [Visual Concepts Derivation Fallback] visual_concepts is missing/empty for slot A1:1:s1_b79. Deriving dynamically from scene 1 + visual_notes: ''
WARNING: [Visual Concepts Derivation Fallback] visual_concepts is missing/empty for slot V1:1:s1_b79. Deriving dynamically from scene 1 + visual_notes: ''
WARNING: [Visual Concepts Derivation Fallback] visual_concepts is missing/empty for slot A1:1:s1_b80. Deriving dynamically from scene 1 + visual_notes: ''
WARNING: [Visual Concepts Derivation Fallback] visual_concepts is missing/empty for slot V1:1:s1_b80. Deriving dynamically from scene 1 + visual_notes: ''
WARNING: [Visual Concepts Derivation Fallback] visual_concepts is missing/empty for slot A1:1:s1_b81. Deriving dynamically from scene 1 + visual_notes: ''
WARNING: [Visual Concepts Derivation Fallback] visual_concepts is missing/empty for slot V1:1:s1_b81. Deriving dynamically from scene 1 + visual_notes: ''
WARNING: [Visual Concepts Derivation Fallback] visual_concepts is missing/empty for slot A1:1:s1_b82. Deriving dynamically from scene 1 + visual_notes: ''
WARNING: [Visual Concepts Derivation Fallback] visual_concepts is missing/empty for slot V1:1:s1_b82. Deriving dynamically from scene 1 + visual_notes: ''
WARNING: [Visual Concepts Derivation Fallback] visual_concepts is missing/empty for slot A1:1:s1_b83. Deriving dynamically from scene 1 + visual_notes: ''
WARNING: [Visual Concepts Derivation Fallback] visual_concepts is missing/empty for slot V1:1:s1_b83. Deriving dynamically from scene 1 + visual_notes: ''
WARNING: [Visual Concepts Derivation Fallback] visual_concepts is missing/empty for slot A1:1:s1_b84. Deriving dynamically from scene 1 + visual_notes: ''
WARNING: [Visual Concepts Derivation Fallback] visual_concepts is missing/empty for slot V1:1:s1_b84. Deriving dynamically from scene 1 + visual_notes: ''
WARNING: [Visual Concepts Derivation Fallback] visual_concepts is missing/empty for slot A1:1:s1_b85. Deriving dynamically from scene 1 + visual_notes: ''
WARNING: [Visual Concepts Derivation Fallback] visual_concepts is missing/empty for slot V1:1:s1_b85. Deriving dynamically from scene 1 + visual_notes: ''
WARNING: [Visual Concepts Derivation Fallback] visual_concepts is missing/empty for slot A1:1:s1_b86. Deriving dynamically from scene 1 + visual_notes: ''
WARNING: [Visual Concepts Derivation Fallback] visual_concepts is missing/empty for slot V1:1:s1_b86. Deriving dynamically from scene 1 + visual_notes: ''
WARNING: [Visual Concepts Derivation Fallback] visual_concepts is missing/empty for slot A1:1:s1_b87. Deriving dynamically from scene 1 + visual_notes: ''
WARNING: [Visual Concepts Derivation Fallback] visual_concepts is missing/empty for slot V1:1:s1_b87. Deriving dynamically from scene 1 + visual_notes: ''
WARNING: [Visual Concepts Derivation Fallback] visual_concepts is missing/empty for slot A1:1:s1_b88. Deriving dynamically from scene 1 + visual_notes: ''
WARNING: [Visual Concepts Derivation Fallback] visual_concepts is missing/empty for slot V1:1:s1_b88. Deriving dynamically from scene 1 + visual_notes: ''
WARNING: [Visual Concepts Derivation Fallback] visual_concepts is missing/empty for slot A1:1:s1_b89. Deriving dynamically from scene 1 + visual_notes: ''
WARNING: [Visual Concepts Derivation Fallback] visual_concepts is missing/empty for slot V1:1:s1_b89. Deriving dynamically from scene 1 + visual_notes: ''
WARNING: [Visual Concepts Derivation Fallback] visual_concepts is missing/empty for slot A1:1:s1_b90. Deriving dynamically from scene 1 + visual_notes: ''
WARNING: [Visual Concepts Derivation Fallback] visual_concepts is missing/empty for slot V1:1:s1_b90. Deriving dynamically from scene 1 + visual_notes: ''
WARNING: [Visual Concepts Derivation Fallback] visual_concepts is missing/empty for slot A1:1:s1_b91. Deriving dynamically from scene 1 + visual_notes: ''
WARNING: [Visual Concepts Derivation Fallback] visual_concepts is missing/empty for slot V1:1:s1_b91. Deriving dynamically from scene 1 + visual_notes: ''
WARNING: [Visual Concepts Derivation Fallback] visual_concepts is missing/empty for slot A1:1:s1_b92. Deriving dynamically from scene 1 + visual_notes: ''
WARNING: [Visual Concepts Derivation Fallback] visual_concepts is missing/empty for slot V1:1:s1_b92. Deriving dynamically from scene 1 + visual_notes: ''
WARNING: [Visual Concepts Derivation Fallback] visual_concepts is missing/empty for slot A1:1:s1_b93. Deriving dynamically from scene 1 + visual_notes: ''
WARNING: [Visual Concepts Derivation Fallback] visual_concepts is missing/empty for slot V1:1:s1_b93. Deriving dynamically from scene 1 + visual_notes: ''
WARNING: [Visual Concepts Derivation Fallback] visual_concepts is missing/empty for slot A1:1:s1_b94. Deriving dynamically from scene 1 + visual_notes: ''
WARNING: [Visual Concepts Derivation Fallback] visual_concepts is missing/empty for slot V1:1:s1_b94. Deriving dynamically from scene 1 + visual_notes: ''
WARNING: [Visual Concepts Derivation Fallback] visual_concepts is missing/empty for slot A1:1:s1_b95. Deriving dynamically from scene 1 + visual_notes: ''
WARNING: [Visual Concepts Derivation Fallback] visual_concepts is missing/empty for slot V1:1:s1_b95. Deriving dynamically from scene 1 + visual_notes: ''
WARNING: [Visual Concepts Derivation Fallback] visual_concepts is missing/empty for slot A1:1:s1_b96. Deriving dynamically from scene 1 + visual_notes: ''
WARNING: [Visual Concepts Derivation Fallback] visual_concepts is missing/empty for slot V1:1:s1_b96. Deriving dynamically from scene 1 + visual_notes: ''
WARNING: [Visual Concepts Derivation Fallback] visual_concepts is missing/empty for slot A1:1:s1_b97. Deriving dynamically from scene 1 + visual_notes: ''
WARNING: [Visual Concepts Derivation Fallback] visual_concepts is missing/empty for slot V1:1:s1_b97. Deriving dynamically from scene 1 + visual_notes: ''
WARNING: [Visual Concepts Derivation Fallback] visual_concepts is missing/empty for slot A1:1:s1_b98. Deriving dynamically from scene 1 + visual_notes: ''
WARNING: [Visual Concepts Derivation Fallback] visual_concepts is missing/empty for slot V1:1:s1_b98. Deriving dynamically from scene 1 + visual_notes: ''
WARNING: [Visual Concepts Derivation Fallback] visual_concepts is missing/empty for slot A1:1:s1_b99. Deriving dynamically from scene 1 + visual_notes: ''
WARNING: [Visual Concepts Derivation Fallback] visual_concepts is missing/empty for slot V1:1:s1_b99. Deriving dynamically from scene 1 + visual_notes: ''
WARNING: [Visual Concepts Derivation Fallback] visual_concepts is missing/empty for slot A1:1:s1_b100. Deriving dynamically from scene 1 + visual_notes: ''
WARNING: [Visual Concepts Derivation Fallback] visual_concepts is missing/empty for slot V1:1:s1_b100. Deriving dynamically from scene 1 + visual_notes: ''
WARNING: [Visual Concepts Derivation Fallback] visual_concepts is missing/empty for slot A1:1:s1_b1. Deriving dynamically from scene 1 + visual_notes: ''
WARNING: [Visual Concepts Derivation Fallback] visual_concepts is missing/empty for slot V1:1:s1_b1. Deriving dynamically from scene 1 + visual_notes: ''
WARNING: [Visual Concepts Derivation Fallback] visual_concepts is missing/empty for slot A1:1:s1_b2. Deriving dynamically from scene 1 + visual_notes: ''
WARNING: [Visual Concepts Derivation Fallback] visual_concepts is missing/empty for slot V1:1:s1_b2. Deriving dynamically from scene 1 + visual_notes: ''
WARNING: [Visual Concepts Derivation Fallback] visual_concepts is missing/empty for slot A1:1:s1_b3. Deriving dynamically from scene 1 + visual_notes: ''
WARNING: [Visual Concepts Derivation Fallback] visual_concepts is missing/empty for slot V1:1:s1_b3. Deriving dynamically from scene 1 + visual_notes: ''
WARNING: [Visual Concepts Derivation Fallback] visual_concepts is missing/empty for slot A1:1:s1_b4. Deriving dynamically from scene 1 + visual_notes: ''
WARNING: [Visual Concepts Derivation Fallback] visual_concepts is missing/empty for slot V1:1:s1_b4. Deriving dynamically from scene 1 + visual_notes: ''
WARNING: [Visual Concepts Derivation Fallback] visual_concepts is missing/empty for slot A1:1:s1_b5. Deriving dynamically from scene 1 + visual_notes: ''
WARNING: [Visual Concepts Derivation Fallback] visual_concepts is missing/empty for slot V1:1:s1_b5. Deriving dynamically from scene 1 + visual_notes: ''
WARNING: [Visual Concepts Derivation Fallback] visual_concepts is missing/empty for slot A1:1:s1_b6. Deriving dynamically from scene 1 + visual_notes: ''
WARNING: [Visual Concepts Derivation Fallback] visual_concepts is missing/empty for slot V1:1:s1_b6. Deriving dynamically from scene 1 + visual_notes: ''
WARNING: [Visual Concepts Derivation Fallback] visual_concepts is missing/empty for slot A1:1:s1_b7. Deriving dynamically from scene 1 + visual_notes: ''
WARNING: [Visual Concepts Derivation Fallback] visual_concepts is missing/empty for slot V1:1:s1_b7. Deriving dynamically from scene 1 + visual_notes: ''
WARNING: [Visual Concepts Derivation Fallback] visual_concepts is missing/empty for slot A1:1:s1_b8. Deriving dynamically from scene 1 + visual_notes: ''
WARNING: [Visual Concepts Derivation Fallback] visual_concepts is missing/empty for slot V1:1:s1_b8. Deriving dynamically from scene 1 + visual_notes: ''
WARNING: [Visual Concepts Derivation Fallback] visual_concepts is missing/empty for slot A1:1:s1_b9. Deriving dynamically from scene 1 + visual_notes: ''
WARNING: [Visual Concepts Derivation Fallback] visual_concepts is missing/empty for slot V1:1:s1_b9. Deriving dynamically from scene 1 + visual_notes: ''
WARNING: [Visual Concepts Derivation Fallback] visual_concepts is missing/empty for slot A1:1:s1_b10. Deriving dynamically from scene 1 + visual_notes: ''
WARNING: [Visual Concepts Derivation Fallback] visual_concepts is missing/empty for slot V1:1:s1_b10. Deriving dynamically from scene 1 + visual_notes: ''
WARNING: [Visual Concepts Derivation Fallback] visual_concepts is missing/empty for slot A1:1:s1_b11. Deriving dynamically from scene 1 + visual_notes: ''
WARNING: [Visual Concepts Derivation Fallback] visual_concepts is missing/empty for slot V1:1:s1_b11. Deriving dynamically from scene 1 + visual_notes: ''
WARNING: [Visual Concepts Derivation Fallback] visual_concepts is missing/empty for slot A1:1:s1_b12. Deriving dynamically from scene 1 + visual_notes: ''
WARNING: [Visual Concepts Derivation Fallback] visual_concepts is missing/empty for slot V1:1:s1_b12. Deriving dynamically from scene 1 + visual_notes: ''
WARNING: [Visual Concepts Derivation Fallback] visual_concepts is missing/empty for slot A1:1:s1_b13. Deriving dynamically from scene 1 + visual_notes: ''
WARNING: [Visual Concepts Derivation Fallback] visual_concepts is missing/empty for slot V1:1:s1_b13. Deriving dynamically from scene 1 + visual_notes: ''
WARNING: [Visual Concepts Derivation Fallback] visual_concepts is missing/empty for slot A1:1:s1_b14. Deriving dynamically from scene 1 + visual_notes: ''
WARNING: [Visual Concepts Derivation Fallback] visual_concepts is missing/empty for slot V1:1:s1_b14. Deriving dynamically from scene 1 + visual_notes: ''
WARNING: [Visual Concepts Derivation Fallback] visual_concepts is missing/empty for slot A1:1:s1_b15. Deriving dynamically from scene 1 + visual_notes: ''
WARNING: [Visual Concepts Derivation Fallback] visual_concepts is missing/empty for slot V1:1:s1_b15. Deriving dynamically from scene 1 + visual_notes: ''
WARNING: [Visual Concepts Derivation Fallback] visual_concepts is missing/empty for slot A1:1:s1_b16. Deriving dynamically from scene 1 + visual_notes: ''
WARNING: [Visual Concepts Derivation Fallback] visual_concepts is missing/empty for slot V1:1:s1_b16. Deriving dynamically from scene 1 + visual_notes: ''
WARNING: [Visual Concepts Derivation Fallback] visual_concepts is missing/empty for slot A1:1:s1_b17. Deriving dynamically from scene 1 + visual_notes: ''
WARNING: [Visual Concepts Derivation Fallback] visual_concepts is missing/empty for slot V1:1:s1_b17. Deriving dynamically from scene 1 + visual_notes: ''
WARNING: [Visual Concepts Derivation Fallback] visual_concepts is missing/empty for slot A1:1:s1_b18. Deriving dynamically from scene 1 + visual_notes: ''
WARNING: [Visual Concepts Derivation Fallback] visual_concepts is missing/empty for slot V1:1:s1_b18. Deriving dynamically from scene 1 + visual_notes: ''
WARNING: [Visual Concepts Derivation Fallback] visual_concepts is missing/empty for slot A1:1:s1_b19. Deriving dynamically from scene 1 + visual_notes: ''
WARNING: [Visual Concepts Derivation Fallback] visual_concepts is missing/empty for slot V1:1:s1_b19. Deriving dynamically from scene 1 + visual_notes: ''
WARNING: [Visual Concepts Derivation Fallback] visual_concepts is missing/empty for slot A1:1:s1_b20. Deriving dynamically from scene 1 + visual_notes: ''
WARNING: [Visual Concepts Derivation Fallback] visual_concepts is missing/empty for slot V1:1:s1_b20. Deriving dynamically from scene 1 + visual_notes: ''
WARNING: [Visual Concepts Derivation Fallback] visual_concepts is missing/empty for slot A1:1:s1_b21. Deriving dynamically from scene 1 + visual_notes: ''
WARNING: [Visual Concepts Derivation Fallback] visual_concepts is missing/empty for slot V1:1:s1_b21. Deriving dynamically from scene 1 + visual_notes: ''
WARNING: [Visual Concepts Derivation Fallback] visual_concepts is missing/empty for slot A1:1:s1_b22. Deriving dynamically from scene 1 + visual_notes: ''
WARNING: [Visual Concepts Derivation Fallback] visual_concepts is missing/empty for slot V1:1:s1_b22. Deriving dynamically from scene 1 + visual_notes: ''
WARNING: [Visual Concepts Derivation Fallback] visual_concepts is missing/empty for slot A1:1:s1_b23. Deriving dynamically from scene 1 + visual_notes: ''
WARNING: [Visual Concepts Derivation Fallback] visual_concepts is missing/empty for slot V1:1:s1_b23. Deriving dynamically from scene 1 + visual_notes: ''
WARNING: [Visual Concepts Derivation Fallback] visual_concepts is missing/empty for slot A1:1:s1_b24. Deriving dynamically from scene 1 + visual_notes: ''
WARNING: [Visual Concepts Derivation Fallback] visual_concepts is missing/empty for slot V1:1:s1_b24. Deriving dynamically from scene 1 + visual_notes: ''
WARNING: [Visual Concepts Derivation Fallback] visual_concepts is missing/empty for slot A1:1:s1_b25. Deriving dynamically from scene 1 + visual_notes: ''
WARNING: [Visual Concepts Derivation Fallback] visual_concepts is missing/empty for slot V1:1:s1_b25. Deriving dynamically from scene 1 + visual_notes: ''
WARNING: [Visual Concepts Derivation Fallback] visual_concepts is missing/empty for slot A1:1:s1_b26. Deriving dynamically from scene 1 + visual_notes: ''
WARNING: [Visual Concepts Derivation Fallback] visual_concepts is missing/empty for slot V1:1:s1_b26. Deriving dynamically from scene 1 + visual_notes: ''
WARNING: [Visual Concepts Derivation Fallback] visual_concepts is missing/empty for slot A1:1:s1_b27. Deriving dynamically from scene 1 + visual_notes: ''
WARNING: [Visual Concepts Derivation Fallback] visual_concepts is missing/empty for slot V1:1:s1_b27. Deriving dynamically from scene 1 + visual_notes: ''
WARNING: [Visual Concepts Derivation Fallback] visual_concepts is missing/empty for slot A1:1:s1_b28. Deriving dynamically from scene 1 + visual_notes: ''
WARNING: [Visual Concepts Derivation Fallback] visual_concepts is missing/empty for slot V1:1:s1_b28. Deriving dynamically from scene 1 + visual_notes: ''
WARNING: [Visual Concepts Derivation Fallback] visual_concepts is missing/empty for slot A1:1:s1_b29. Deriving dynamically from scene 1 + visual_notes: ''
WARNING: [Visual Concepts Derivation Fallback] visual_concepts is missing/empty for slot V1:1:s1_b29. Deriving dynamically from scene 1 + visual_notes: ''
WARNING: [Visual Concepts Derivation Fallback] visual_concepts is missing/empty for slot A1:1:s1_b30. Deriving dynamically from scene 1 + visual_notes: ''
WARNING: [Visual Concepts Derivation Fallback] visual_concepts is missing/empty for slot V1:1:s1_b30. Deriving dynamically from scene 1 + visual_notes: ''
WARNING: [Visual Concepts Derivation Fallback] visual_concepts is missing/empty for slot A1:1:s1_b31. Deriving dynamically from scene 1 + visual_notes: ''
WARNING: [Visual Concepts Derivation Fallback] visual_concepts is missing/empty for slot V1:1:s1_b31. Deriving dynamically from scene 1 + visual_notes: ''
WARNING: [Visual Concepts Derivation Fallback] visual_concepts is missing/empty for slot A1:1:s1_b32. Deriving dynamically from scene 1 + visual_notes: ''
WARNING: [Visual Concepts Derivation Fallback] visual_concepts is missing/empty for slot V1:1:s1_b32. Deriving dynamically from scene 1 + visual_notes: ''
WARNING: [Visual Concepts Derivation Fallback] visual_concepts is missing/empty for slot A1:1:s1_b33. Deriving dynamically from scene 1 + visual_notes: ''
WARNING: [Visual Concepts Derivation Fallback] visual_concepts is missing/empty for slot V1:1:s1_b33. Deriving dynamically from scene 1 + visual_notes: ''
WARNING: [Visual Concepts Derivation Fallback] visual_concepts is missing/empty for slot A1:1:s1_b34. Deriving dynamically from scene 1 + visual_notes: ''
WARNING: [Visual Concepts Derivation Fallback] visual_concepts is missing/empty for slot V1:1:s1_b34. Deriving dynamically from scene 1 + visual_notes: ''
WARNING: [Visual Concepts Derivation Fallback] visual_concepts is missing/empty for slot A1:1:s1_b35. Deriving dynamically from scene 1 + visual_notes: ''
WARNING: [Visual Concepts Derivation Fallback] visual_concepts is missing/empty for slot V1:1:s1_b35. Deriving dynamically from scene 1 + visual_notes: ''
WARNING: [Visual Concepts Derivation Fallback] visual_concepts is missing/empty for slot A1:1:s1_b36. Deriving dynamically from scene 1 + visual_notes: ''
WARNING: [Visual Concepts Derivation Fallback] visual_concepts is missing/empty for slot V1:1:s1_b36. Deriving dynamically from scene 1 + visual_notes: ''
WARNING: [Visual Concepts Derivation Fallback] visual_concepts is missing/empty for slot A1:1:s1_b37. Deriving dynamically from scene 1 + visual_notes: ''
WARNING: [Visual Concepts Derivation Fallback] visual_concepts is missing/empty for slot V1:1:s1_b37. Deriving dynamically from scene 1 + visual_notes: ''
WARNING: [Visual Concepts Derivation Fallback] visual_concepts is missing/empty for slot A1:1:s1_b38. Deriving dynamically from scene 1 + visual_notes: ''
WARNING: [Visual Concepts Derivation Fallback] visual_concepts is missing/empty for slot V1:1:s1_b38. Deriving dynamically from scene 1 + visual_notes: ''
WARNING: [Visual Concepts Derivation Fallback] visual_concepts is missing/empty for slot A1:1:s1_b39. Deriving dynamically from scene 1 + visual_notes: ''
WARNING: [Visual Concepts Derivation Fallback] visual_concepts is missing/empty for slot V1:1:s1_b39. Deriving dynamically from scene 1 + visual_notes: ''
WARNING: [Visual Concepts Derivation Fallback] visual_concepts is missing/empty for slot A1:1:s1_b40. Deriving dynamically from scene 1 + visual_notes: ''
WARNING: [Visual Concepts Derivation Fallback] visual_concepts is missing/empty for slot V1:1:s1_b40. Deriving dynamically from scene 1 + visual_notes: ''
WARNING: [Visual Concepts Derivation Fallback] visual_concepts is missing/empty for slot A1:1:s1_b41. Deriving dynamically from scene 1 + visual_notes: ''
WARNING: [Visual Concepts Derivation Fallback] visual_concepts is missing/empty for slot V1:1:s1_b41. Deriving dynamically from scene 1 + visual_notes: ''
WARNING: [Visual Concepts Derivation Fallback] visual_concepts is missing/empty for slot A1:1:s1_b42. Deriving dynamically from scene 1 + visual_notes: ''
WARNING: [Visual Concepts Derivation Fallback] visual_concepts is missing/empty for slot V1:1:s1_b42. Deriving dynamically from scene 1 + visual_notes: ''
WARNING: [Visual Concepts Derivation Fallback] visual_concepts is missing/empty for slot A1:1:s1_b43. Deriving dynamically from scene 1 + visual_notes: ''
WARNING: [Visual Concepts Derivation Fallback] visual_concepts is missing/empty for slot V1:1:s1_b43. Deriving dynamically from scene 1 + visual_notes: ''
WARNING: [Visual Concepts Derivation Fallback] visual_concepts is missing/empty for slot A1:1:s1_b44. Deriving dynamically from scene 1 + visual_notes: ''
WARNING: [Visual Concepts Derivation Fallback] visual_concepts is missing/empty for slot V1:1:s1_b44. Deriving dynamically from scene 1 + visual_notes: ''
WARNING: [Visual Concepts Derivation Fallback] visual_concepts is missing/empty for slot A1:1:s1_b45. Deriving dynamically from scene 1 + visual_notes: ''
WARNING: [Visual Concepts Derivation Fallback] visual_concepts is missing/empty for slot V1:1:s1_b45. Deriving dynamically from scene 1 + visual_notes: ''
WARNING: [Visual Concepts Derivation Fallback] visual_concepts is missing/empty for slot A1:1:s1_b46. Deriving dynamically from scene 1 + visual_notes: ''
WARNING: [Visual Concepts Derivation Fallback] visual_concepts is missing/empty for slot V1:1:s1_b46. Deriving dynamically from scene 1 + visual_notes: ''
WARNING: [Visual Concepts Derivation Fallback] visual_concepts is missing/empty for slot A1:1:s1_b47. Deriving dynamically from scene 1 + visual_notes: ''
WARNING: [Visual Concepts Derivation Fallback] visual_concepts is missing/empty for slot V1:1:s1_b47. Deriving dynamically from scene 1 + visual_notes: ''
WARNING: [Visual Concepts Derivation Fallback] visual_concepts is missing/empty for slot A1:1:s1_b48. Deriving dynamically from scene 1 + visual_notes: ''
WARNING: [Visual Concepts Derivation Fallback] visual_concepts is missing/empty for slot V1:1:s1_b48. Deriving dynamically from scene 1 + visual_notes: ''
WARNING: [Visual Concepts Derivation Fallback] visual_concepts is missing/empty for slot A1:1:s1_b49. Deriving dynamically from scene 1 + visual_notes: ''
WARNING: [Visual Concepts Derivation Fallback] visual_concepts is missing/empty for slot V1:1:s1_b49. Deriving dynamically from scene 1 + visual_notes: ''
WARNING: [Visual Concepts Derivation Fallback] visual_concepts is missing/empty for slot A1:1:s1_b50. Deriving dynamically from scene 1 + visual_notes: ''
WARNING: [Visual Concepts Derivation Fallback] visual_concepts is missing/empty for slot V1:1:s1_b50. Deriving dynamically from scene 1 + visual_notes: ''
WARNING: [Visual Concepts Derivation Fallback] visual_concepts is missing/empty for slot A1:1:s1_b51. Deriving dynamically from scene 1 + visual_notes: ''
WARNING: [Visual Concepts Derivation Fallback] visual_concepts is missing/empty for slot V1:1:s1_b51. Deriving dynamically from scene 1 + visual_notes: ''
WARNING: [Visual Concepts Derivation Fallback] visual_concepts is missing/empty for slot A1:1:s1_b52. Deriving dynamically from scene 1 + visual_notes: ''
WARNING: [Visual Concepts Derivation Fallback] visual_concepts is missing/empty for slot V1:1:s1_b52. Deriving dynamically from scene 1 + visual_notes: ''
WARNING: [Visual Concepts Derivation Fallback] visual_concepts is missing/empty for slot A1:1:s1_b53. Deriving dynamically from scene 1 + visual_notes: ''
WARNING: [Visual Concepts Derivation Fallback] visual_concepts is missing/empty for slot V1:1:s1_b53. Deriving dynamically from scene 1 + visual_notes: ''
WARNING: [Visual Concepts Derivation Fallback] visual_concepts is missing/empty for slot A1:1:s1_b54. Deriving dynamically from scene 1 + visual_notes: ''
WARNING: [Visual Concepts Derivation Fallback] visual_concepts is missing/empty for slot V1:1:s1_b54. Deriving dynamically from scene 1 + visual_notes: ''
WARNING: [Visual Concepts Derivation Fallback] visual_concepts is missing/empty for slot A1:1:s1_b55. Deriving dynamically from scene 1 + visual_notes: ''
WARNING: [Visual Concepts Derivation Fallback] visual_concepts is missing/empty for slot V1:1:s1_b55. Deriving dynamically from scene 1 + visual_notes: ''
WARNING: [Visual Concepts Derivation Fallback] visual_concepts is missing/empty for slot A1:1:s1_b56. Deriving dynamically from scene 1 + visual_notes: ''
WARNING: [Visual Concepts Derivation Fallback] visual_concepts is missing/empty for slot V1:1:s1_b56. Deriving dynamically from scene 1 + visual_notes: ''
WARNING: [Visual Concepts Derivation Fallback] visual_concepts is missing/empty for slot A1:1:s1_b57. Deriving dynamically from scene 1 + visual_notes: ''
WARNING: [Visual Concepts Derivation Fallback] visual_concepts is missing/empty for slot V1:1:s1_b57. Deriving dynamically from scene 1 + visual_notes: ''
WARNING: [Visual Concepts Derivation Fallback] visual_concepts is missing/empty for slot A1:1:s1_b58. Deriving dynamically from scene 1 + visual_notes: ''
WARNING: [Visual Concepts Derivation Fallback] visual_concepts is missing/empty for slot V1:1:s1_b58. Deriving dynamically from scene 1 + visual_notes: ''
WARNING: [Visual Concepts Derivation Fallback] visual_concepts is missing/empty for slot A1:1:s1_b59. Deriving dynamically from scene 1 + visual_notes: ''
WARNING: [Visual Concepts Derivation Fallback] visual_concepts is missing/empty for slot V1:1:s1_b59. Deriving dynamically from scene 1 + visual_notes: ''
WARNING: [Visual Concepts Derivation Fallback] visual_concepts is missing/empty for slot A1:1:s1_b60. Deriving dynamically from scene 1 + visual_notes: ''
WARNING: [Visual Concepts Derivation Fallback] visual_concepts is missing/empty for slot V1:1:s1_b60. Deriving dynamically from scene 1 + visual_notes: ''
WARNING: [Visual Concepts Derivation Fallback] visual_concepts is missing/empty for slot A1:1:s1_b61. Deriving dynamically from scene 1 + visual_notes: ''
WARNING: [Visual Concepts Derivation Fallback] visual_concepts is missing/empty for slot V1:1:s1_b61. Deriving dynamically from scene 1 + visual_notes: ''
WARNING: [Visual Concepts Derivation Fallback] visual_concepts is missing/empty for slot A1:1:s1_b62. Deriving dynamically from scene 1 + visual_notes: ''
WARNING: [Visual Concepts Derivation Fallback] visual_concepts is missing/empty for slot V1:1:s1_b62. Deriving dynamically from scene 1 + visual_notes: ''
WARNING: [Visual Concepts Derivation Fallback] visual_concepts is missing/empty for slot A1:1:s1_b63. Deriving dynamically from scene 1 + visual_notes: ''
WARNING: [Visual Concepts Derivation Fallback] visual_concepts is missing/empty for slot V1:1:s1_b63. Deriving dynamically from scene 1 + visual_notes: ''
WARNING: [Visual Concepts Derivation Fallback] visual_concepts is missing/empty for slot A1:1:s1_b64. Deriving dynamically from scene 1 + visual_notes: ''
WARNING: [Visual Concepts Derivation Fallback] visual_concepts is missing/empty for slot V1:1:s1_b64. Deriving dynamically from scene 1 + visual_notes: ''
WARNING: [Visual Concepts Derivation Fallback] visual_concepts is missing/empty for slot A1:1:s1_b65. Deriving dynamically from scene 1 + visual_notes: ''
WARNING: [Visual Concepts Derivation Fallback] visual_concepts is missing/empty for slot V1:1:s1_b65. Deriving dynamically from scene 1 + visual_notes: ''
WARNING: [Visual Concepts Derivation Fallback] visual_concepts is missing/empty for slot A1:1:s1_b66. Deriving dynamically from scene 1 + visual_notes: ''
WARNING: [Visual Concepts Derivation Fallback] visual_concepts is missing/empty for slot V1:1:s1_b66. Deriving dynamically from scene 1 + visual_notes: ''
WARNING: [Visual Concepts Derivation Fallback] visual_concepts is missing/empty for slot A1:1:s1_b67. Deriving dynamically from scene 1 + visual_notes: ''
WARNING: [Visual Concepts Derivation Fallback] visual_concepts is missing/empty for slot V1:1:s1_b67. Deriving dynamically from scene 1 + visual_notes: ''
WARNING: [Visual Concepts Derivation Fallback] visual_concepts is missing/empty for slot A1:1:s1_b68. Deriving dynamically from scene 1 + visual_notes: ''
WARNING: [Visual Concepts Derivation Fallback] visual_concepts is missing/empty for slot V1:1:s1_b68. Deriving dynamically from scene 1 + visual_notes: ''
WARNING: [Visual Concepts Derivation Fallback] visual_concepts is missing/empty for slot A1:1:s1_b69. Deriving dynamically from scene 1 + visual_notes: ''
WARNING: [Visual Concepts Derivation Fallback] visual_concepts is missing/empty for slot V1:1:s1_b69. Deriving dynamically from scene 1 + visual_notes: ''
WARNING: [Visual Concepts Derivation Fallback] visual_concepts is missing/empty for slot A1:1:s1_b70. Deriving dynamically from scene 1 + visual_notes: ''
WARNING: [Visual Concepts Derivation Fallback] visual_concepts is missing/empty for slot V1:1:s1_b70. Deriving dynamically from scene 1 + visual_notes: ''
WARNING: [Visual Concepts Derivation Fallback] visual_concepts is missing/empty for slot A1:1:s1_b71. Deriving dynamically from scene 1 + visual_notes: ''
WARNING: [Visual Concepts Derivation Fallback] visual_concepts is missing/empty for slot V1:1:s1_b71. Deriving dynamically from scene 1 + visual_notes: ''
WARNING: [Visual Concepts Derivation Fallback] visual_concepts is missing/empty for slot A1:1:s1_b72. Deriving dynamically from scene 1 + visual_notes: ''
WARNING: [Visual Concepts Derivation Fallback] visual_concepts is missing/empty for slot V1:1:s1_b72. Deriving dynamically from scene 1 + visual_notes: ''
WARNING: [Visual Concepts Derivation Fallback] visual_concepts is missing/empty for slot A1:1:s1_b73. Deriving dynamically from scene 1 + visual_notes: ''
WARNING: [Visual Concepts Derivation Fallback] visual_concepts is missing/empty for slot V1:1:s1_b73. Deriving dynamically from scene 1 + visual_notes: ''
WARNING: [Visual Concepts Derivation Fallback] visual_concepts is missing/empty for slot A1:1:s1_b74. Deriving dynamically from scene 1 + visual_notes: ''
WARNING: [Visual Concepts Derivation Fallback] visual_concepts is missing/empty for slot V1:1:s1_b74. Deriving dynamically from scene 1 + visual_notes: ''
WARNING: [Visual Concepts Derivation Fallback] visual_concepts is missing/empty for slot A1:1:s1_b75. Deriving dynamically from scene 1 + visual_notes: ''
WARNING: [Visual Concepts Derivation Fallback] visual_concepts is missing/empty for slot V1:1:s1_b75. Deriving dynamically from scene 1 + visual_notes: ''
WARNING: [Visual Concepts Derivation Fallback] visual_concepts is missing/empty for slot A1:1:s1_b76. Deriving dynamically from scene 1 + visual_notes: ''
WARNING: [Visual Concepts Derivation Fallback] visual_concepts is missing/empty for slot V1:1:s1_b76. Deriving dynamically from scene 1 + visual_notes: ''
WARNING: [Visual Concepts Derivation Fallback] visual_concepts is missing/empty for slot A1:1:s1_b77. Deriving dynamically from scene 1 + visual_notes: ''
WARNING: [Visual Concepts Derivation Fallback] visual_concepts is missing/empty for slot V1:1:s1_b77. Deriving dynamically from scene 1 + visual_notes: ''
WARNING: [Visual Concepts Derivation Fallback] visual_concepts is missing/empty for slot A1:1:s1_b78. Deriving dynamically from scene 1 + visual_notes: ''
WARNING: [Visual Concepts Derivation Fallback] visual_concepts is missing/empty for slot V1:1:s1_b78. Deriving dynamically from scene 1 + visual_notes: ''
WARNING: [Visual Concepts Derivation Fallback] visual_concepts is missing/empty for slot A1:1:s1_b79. Deriving dynamically from scene 1 + visual_notes: ''
WARNING: [Visual Concepts Derivation Fallback] visual_concepts is missing/empty for slot V1:1:s1_b79. Deriving dynamically from scene 1 + visual_notes: ''
WARNING: [Visual Concepts Derivation Fallback] visual_concepts is missing/empty for slot A1:1:s1_b80. Deriving dynamically from scene 1 + visual_notes: ''
WARNING: [Visual Concepts Derivation Fallback] visual_concepts is missing/empty for slot V1:1:s1_b80. Deriving dynamically from scene 1 + visual_notes: ''
WARNING: [Visual Concepts Derivation Fallback] visual_concepts is missing/empty for slot A1:1:s1_b81. Deriving dynamically from scene 1 + visual_notes: ''
WARNING: [Visual Concepts Derivation Fallback] visual_concepts is missing/empty for slot V1:1:s1_b81. Deriving dynamically from scene 1 + visual_notes: ''
WARNING: [Visual Concepts Derivation Fallback] visual_concepts is missing/empty for slot A1:1:s1_b82. Deriving dynamically from scene 1 + visual_notes: ''
WARNING: [Visual Concepts Derivation Fallback] visual_concepts is missing/empty for slot V1:1:s1_b82. Deriving dynamically from scene 1 + visual_notes: ''
WARNING: [Visual Concepts Derivation Fallback] visual_concepts is missing/empty for slot A1:1:s1_b83. Deriving dynamically from scene 1 + visual_notes: ''
WARNING: [Visual Concepts Derivation Fallback] visual_concepts is missing/empty for slot V1:1:s1_b83. Deriving dynamically from scene 1 + visual_notes: ''
WARNING: [Visual Concepts Derivation Fallback] visual_concepts is missing/empty for slot A1:1:s1_b84. Deriving dynamically from scene 1 + visual_notes: ''
WARNING: [Visual Concepts Derivation Fallback] visual_concepts is missing/empty for slot V1:1:s1_b84. Deriving dynamically from scene 1 + visual_notes: ''
WARNING: [Visual Concepts Derivation Fallback] visual_concepts is missing/empty for slot A1:1:s1_b85. Deriving dynamically from scene 1 + visual_notes: ''
WARNING: [Visual Concepts Derivation Fallback] visual_concepts is missing/empty for slot V1:1:s1_b85. Deriving dynamically from scene 1 + visual_notes: ''
WARNING: [Visual Concepts Derivation Fallback] visual_concepts is missing/empty for slot A1:1:s1_b86. Deriving dynamically from scene 1 + visual_notes: ''
WARNING: [Visual Concepts Derivation Fallback] visual_concepts is missing/empty for slot V1:1:s1_b86. Deriving dynamically from scene 1 + visual_notes: ''
WARNING: [Visual Concepts Derivation Fallback] visual_concepts is missing/empty for slot A1:1:s1_b87. Deriving dynamically from scene 1 + visual_notes: ''
WARNING: [Visual Concepts Derivation Fallback] visual_concepts is missing/empty for slot V1:1:s1_b87. Deriving dynamically from scene 1 + visual_notes: ''
WARNING: [Visual Concepts Derivation Fallback] visual_concepts is missing/empty for slot A1:1:s1_b88. Deriving dynamically from scene 1 + visual_notes: ''
WARNING: [Visual Concepts Derivation Fallback] visual_concepts is missing/empty for slot V1:1:s1_b88. Deriving dynamically from scene 1 + visual_notes: ''
WARNING: [Visual Concepts Derivation Fallback] visual_concepts is missing/empty for slot A1:1:s1_b89. Deriving dynamically from scene 1 + visual_notes: ''
WARNING: [Visual Concepts Derivation Fallback] visual_concepts is missing/empty for slot V1:1:s1_b89. Deriving dynamically from scene 1 + visual_notes: ''
WARNING: [Visual Concepts Derivation Fallback] visual_concepts is missing/empty for slot A1:1:s1_b90. Deriving dynamically from scene 1 + visual_notes: ''
WARNING: [Visual Concepts Derivation Fallback] visual_concepts is missing/empty for slot V1:1:s1_b90. Deriving dynamically from scene 1 + visual_notes: ''
WARNING: [Visual Concepts Derivation Fallback] visual_concepts is missing/empty for slot A1:1:s1_b91. Deriving dynamically from scene 1 + visual_notes: ''
WARNING: [Visual Concepts Derivation Fallback] visual_concepts is missing/empty for slot V1:1:s1_b91. Deriving dynamically from scene 1 + visual_notes: ''
WARNING: [Visual Concepts Derivation Fallback] visual_concepts is missing/empty for slot A1:1:s1_b92. Deriving dynamically from scene 1 + visual_notes: ''
WARNING: [Visual Concepts Derivation Fallback] visual_concepts is missing/empty for slot V1:1:s1_b92. Deriving dynamically from scene 1 + visual_notes: ''
WARNING: [Visual Concepts Derivation Fallback] visual_concepts is missing/empty for slot A1:1:s1_b93. Deriving dynamically from scene 1 + visual_notes: ''
WARNING: [Visual Concepts Derivation Fallback] visual_concepts is missing/empty for slot V1:1:s1_b93. Deriving dynamically from scene 1 + visual_notes: ''
WARNING: [Visual Concepts Derivation Fallback] visual_concepts is missing/empty for slot A1:1:s1_b94. Deriving dynamically from scene 1 + visual_notes: ''
WARNING: [Visual Concepts Derivation Fallback] visual_concepts is missing/empty for slot V1:1:s1_b94. Deriving dynamically from scene 1 + visual_notes: ''
WARNING: [Visual Concepts Derivation Fallback] visual_concepts is missing/empty for slot A1:1:s1_b95. Deriving dynamically from scene 1 + visual_notes: ''
WARNING: [Visual Concepts Derivation Fallback] visual_concepts is missing/empty for slot V1:1:s1_b95. Deriving dynamically from scene 1 + visual_notes: ''
WARNING: [Visual Concepts Derivation Fallback] visual_concepts is missing/empty for slot A1:1:s1_b96. Deriving dynamically from scene 1 + visual_notes: ''
WARNING: [Visual Concepts Derivation Fallback] visual_concepts is missing/empty for slot V1:1:s1_b96. Deriving dynamically from scene 1 + visual_notes: ''
WARNING: [Visual Concepts Derivation Fallback] visual_concepts is missing/empty for slot A1:1:s1_b97. Deriving dynamically from scene 1 + visual_notes: ''
WARNING: [Visual Concepts Derivation Fallback] visual_concepts is missing/empty for slot V1:1:s1_b97. Deriving dynamically from scene 1 + visual_notes: ''
WARNING: [Visual Concepts Derivation Fallback] visual_concepts is missing/empty for slot A1:1:s1_b98. Deriving dynamically from scene 1 + visual_notes: ''
WARNING: [Visual Concepts Derivation Fallback] visual_concepts is missing/empty for slot V1:1:s1_b98. Deriving dynamically from scene 1 + visual_notes: ''
WARNING: [Visual Concepts Derivation Fallback] visual_concepts is missing/empty for slot A1:1:s1_b99. Deriving dynamically from scene 1 + visual_notes: ''
WARNING: [Visual Concepts Derivation Fallback] visual_concepts is missing/empty for slot V1:1:s1_b99. Deriving dynamically from scene 1 + visual_notes: ''
WARNING: [Visual Concepts Derivation Fallback] visual_concepts is missing/empty for slot A1:1:s1_b100. Deriving dynamically from scene 1 + visual_notes: ''
WARNING: [Visual Concepts Derivation Fallback] visual_concepts is missing/empty for slot V1:1:s1_b100. Deriving dynamically from scene 1 + visual_notes: ''
WARNING: [Visual Concepts Derivation Fallback] visual_concepts is missing/empty for slot A1:1:s1_b1. Deriving dynamically from scene 1 + visual_notes: ''
WARNING: [Visual Concepts Derivation Fallback] visual_concepts is missing/empty for slot V1:1:s1_b1. Deriving dynamically from scene 1 + visual_notes: ''
WARNING: [Visual Concepts Derivation Fallback] visual_concepts is missing/empty for slot A1:1:s1_b2. Deriving dynamically from scene 1 + visual_notes: ''
WARNING: [Visual Concepts Derivation Fallback] visual_concepts is missing/empty for slot V1:1:s1_b2. Deriving dynamically from scene 1 + visual_notes: ''
WARNING: [Visual Concepts Derivation Fallback] visual_concepts is missing/empty for slot A1:1:s1_b3. Deriving dynamically from scene 1 + visual_notes: ''
WARNING: [Visual Concepts Derivation Fallback] visual_concepts is missing/empty for slot V1:1:s1_b3. Deriving dynamically from scene 1 + visual_notes: ''
WARNING: [Visual Concepts Derivation Fallback] visual_concepts is missing/empty for slot A1:1:s1_b4. Deriving dynamically from scene 1 + visual_notes: ''
WARNING: [Visual Concepts Derivation Fallback] visual_concepts is missing/empty for slot V1:1:s1_b4. Deriving dynamically from scene 1 + visual_notes: ''
WARNING: [Visual Concepts Derivation Fallback] visual_concepts is missing/empty for slot A1:1:s1_b5. Deriving dynamically from scene 1 + visual_notes: ''
WARNING: [Visual Concepts Derivation Fallback] visual_concepts is missing/empty for slot V1:1:s1_b5. Deriving dynamically from scene 1 + visual_notes: ''
WARNING: [Visual Concepts Derivation Fallback] visual_concepts is missing/empty for slot A1:1:s1_b6. Deriving dynamically from scene 1 + visual_notes: ''
WARNING: [Visual Concepts Derivation Fallback] visual_concepts is missing/empty for slot V1:1:s1_b6. Deriving dynamically from scene 1 + visual_notes: ''
WARNING: [Visual Concepts Derivation Fallback] visual_concepts is missing/empty for slot A1:1:s1_b7. Deriving dynamically from scene 1 + visual_notes: ''
WARNING: [Visual Concepts Derivation Fallback] visual_concepts is missing/empty for slot V1:1:s1_b7. Deriving dynamically from scene 1 + visual_notes: ''
WARNING: [Visual Concepts Derivation Fallback] visual_concepts is missing/empty for slot A1:1:s1_b8. Deriving dynamically from scene 1 + visual_notes: ''
WARNING: [Visual Concepts Derivation Fallback] visual_concepts is missing/empty for slot V1:1:s1_b8. Deriving dynamically from scene 1 + visual_notes: ''
WARNING: [Visual Concepts Derivation Fallback] visual_concepts is missing/empty for slot A1:1:s1_b9. Deriving dynamically from scene 1 + visual_notes: ''
WARNING: [Visual Concepts Derivation Fallback] visual_concepts is missing/empty for slot V1:1:s1_b9. Deriving dynamically from scene 1 + visual_notes: ''
WARNING: [Visual Concepts Derivation Fallback] visual_concepts is missing/empty for slot A1:1:s1_b10. Deriving dynamically from scene 1 + visual_notes: ''
WARNING: [Visual Concepts Derivation Fallback] visual_concepts is missing/empty for slot V1:1:s1_b10. Deriving dynamically from scene 1 + visual_notes: ''
WARNING: [Visual Concepts Derivation Fallback] visual_concepts is missing/empty for slot A1:1:s1_b11. Deriving dynamically from scene 1 + visual_notes: ''
WARNING: [Visual Concepts Derivation Fallback] visual_concepts is missing/empty for slot V1:1:s1_b11. Deriving dynamically from scene 1 + visual_notes: ''
WARNING: [Visual Concepts Derivation Fallback] visual_concepts is missing/empty for slot A1:1:s1_b12. Deriving dynamically from scene 1 + visual_notes: ''
WARNING: [Visual Concepts Derivation Fallback] visual_concepts is missing/empty for slot V1:1:s1_b12. Deriving dynamically from scene 1 + visual_notes: ''
WARNING: [Visual Concepts Derivation Fallback] visual_concepts is missing/empty for slot A1:1:s1_b13. Deriving dynamically from scene 1 + visual_notes: ''
WARNING: [Visual Concepts Derivation Fallback] visual_concepts is missing/empty for slot V1:1:s1_b13. Deriving dynamically from scene 1 + visual_notes: ''
WARNING: [Visual Concepts Derivation Fallback] visual_concepts is missing/empty for slot A1:1:s1_b14. Deriving dynamically from scene 1 + visual_notes: ''
WARNING: [Visual Concepts Derivation Fallback] visual_concepts is missing/empty for slot V1:1:s1_b14. Deriving dynamically from scene 1 + visual_notes: ''
WARNING: [Visual Concepts Derivation Fallback] visual_concepts is missing/empty for slot A1:1:s1_b15. Deriving dynamically from scene 1 + visual_notes: ''
WARNING: [Visual Concepts Derivation Fallback] visual_concepts is missing/empty for slot V1:1:s1_b15. Deriving dynamically from scene 1 + visual_notes: ''
WARNING: [Visual Concepts Derivation Fallback] visual_concepts is missing/empty for slot A1:1:s1_b16. Deriving dynamically from scene 1 + visual_notes: ''
WARNING: [Visual Concepts Derivation Fallback] visual_concepts is missing/empty for slot V1:1:s1_b16. Deriving dynamically from scene 1 + visual_notes: ''
WARNING: [Visual Concepts Derivation Fallback] visual_concepts is missing/empty for slot A1:1:s1_b17. Deriving dynamically from scene 1 + visual_notes: ''
WARNING: [Visual Concepts Derivation Fallback] visual_concepts is missing/empty for slot V1:1:s1_b17. Deriving dynamically from scene 1 + visual_notes: ''
WARNING: [Visual Concepts Derivation Fallback] visual_concepts is missing/empty for slot A1:1:s1_b18. Deriving dynamically from scene 1 + visual_notes: ''
WARNING: [Visual Concepts Derivation Fallback] visual_concepts is missing/empty for slot V1:1:s1_b18. Deriving dynamically from scene 1 + visual_notes: ''
WARNING: [Visual Concepts Derivation Fallback] visual_concepts is missing/empty for slot A1:1:s1_b19. Deriving dynamically from scene 1 + visual_notes: ''
WARNING: [Visual Concepts Derivation Fallback] visual_concepts is missing/empty for slot V1:1:s1_b19. Deriving dynamically from scene 1 + visual_notes: ''
WARNING: [Visual Concepts Derivation Fallback] visual_concepts is missing/empty for slot A1:1:s1_b20. Deriving dynamically from scene 1 + visual_notes: ''
WARNING: [Visual Concepts Derivation Fallback] visual_concepts is missing/empty for slot V1:1:s1_b20. Deriving dynamically from scene 1 + visual_notes: ''
WARNING: [Visual Concepts Derivation Fallback] visual_concepts is missing/empty for slot A1:1:s1_b21. Deriving dynamically from scene 1 + visual_notes: ''
WARNING: [Visual Concepts Derivation Fallback] visual_concepts is missing/empty for slot V1:1:s1_b21. Deriving dynamically from scene 1 + visual_notes: ''
WARNING: [Visual Concepts Derivation Fallback] visual_concepts is missing/empty for slot A1:1:s1_b22. Deriving dynamically from scene 1 + visual_notes: ''
WARNING: [Visual Concepts Derivation Fallback] visual_concepts is missing/empty for slot V1:1:s1_b22. Deriving dynamically from scene 1 + visual_notes: ''
WARNING: [Visual Concepts Derivation Fallback] visual_concepts is missing/empty for slot A1:1:s1_b23. Deriving dynamically from scene 1 + visual_notes: ''
WARNING: [Visual Concepts Derivation Fallback] visual_concepts is missing/empty for slot V1:1:s1_b23. Deriving dynamically from scene 1 + visual_notes: ''
WARNING: [Visual Concepts Derivation Fallback] visual_concepts is missing/empty for slot A1:1:s1_b24. Deriving dynamically from scene 1 + visual_notes: ''
WARNING: [Visual Concepts Derivation Fallback] visual_concepts is missing/empty for slot V1:1:s1_b24. Deriving dynamically from scene 1 + visual_notes: ''
WARNING: [Visual Concepts Derivation Fallback] visual_concepts is missing/empty for slot A1:1:s1_b25. Deriving dynamically from scene 1 + visual_notes: ''
WARNING: [Visual Concepts Derivation Fallback] visual_concepts is missing/empty for slot V1:1:s1_b25. Deriving dynamically from scene 1 + visual_notes: ''
WARNING: [Visual Concepts Derivation Fallback] visual_concepts is missing/empty for slot A1:1:s1_b26. Deriving dynamically from scene 1 + visual_notes: ''
WARNING: [Visual Concepts Derivation Fallback] visual_concepts is missing/empty for slot V1:1:s1_b26. Deriving dynamically from scene 1 + visual_notes: ''
WARNING: [Visual Concepts Derivation Fallback] visual_concepts is missing/empty for slot A1:1:s1_b27. Deriving dynamically from scene 1 + visual_notes: ''
WARNING: [Visual Concepts Derivation Fallback] visual_concepts is missing/empty for slot V1:1:s1_b27. Deriving dynamically from scene 1 + visual_notes: ''
WARNING: [Visual Concepts Derivation Fallback] visual_concepts is missing/empty for slot A1:1:s1_b28. Deriving dynamically from scene 1 + visual_notes: ''
WARNING: [Visual Concepts Derivation Fallback] visual_concepts is missing/empty for slot V1:1:s1_b28. Deriving dynamically from scene 1 + visual_notes: ''
WARNING: [Visual Concepts Derivation Fallback] visual_concepts is missing/empty for slot A1:1:s1_b29. Deriving dynamically from scene 1 + visual_notes: ''
WARNING: [Visual Concepts Derivation Fallback] visual_concepts is missing/empty for slot V1:1:s1_b29. Deriving dynamically from scene 1 + visual_notes: ''
WARNING: [Visual Concepts Derivation Fallback] visual_concepts is missing/empty for slot A1:1:s1_b30. Deriving dynamically from scene 1 + visual_notes: ''
WARNING: [Visual Concepts Derivation Fallback] visual_concepts is missing/empty for slot V1:1:s1_b30. Deriving dynamically from scene 1 + visual_notes: ''
WARNING: [Visual Concepts Derivation Fallback] visual_concepts is missing/empty for slot A1:1:s1_b31. Deriving dynamically from scene 1 + visual_notes: ''
WARNING: [Visual Concepts Derivation Fallback] visual_concepts is missing/empty for slot V1:1:s1_b31. Deriving dynamically from scene 1 + visual_notes: ''
WARNING: [Visual Concepts Derivation Fallback] visual_concepts is missing/empty for slot A1:1:s1_b32. Deriving dynamically from scene 1 + visual_notes: ''
WARNING: [Visual Concepts Derivation Fallback] visual_concepts is missing/empty for slot V1:1:s1_b32. Deriving dynamically from scene 1 + visual_notes: ''
WARNING: [Visual Concepts Derivation Fallback] visual_concepts is missing/empty for slot A1:1:s1_b33. Deriving dynamically from scene 1 + visual_notes: ''
WARNING: [Visual Concepts Derivation Fallback] visual_concepts is missing/empty for slot V1:1:s1_b33. Deriving dynamically from scene 1 + visual_notes: ''
WARNING: [Visual Concepts Derivation Fallback] visual_concepts is missing/empty for slot A1:1:s1_b34. Deriving dynamically from scene 1 + visual_notes: ''
WARNING: [Visual Concepts Derivation Fallback] visual_concepts is missing/empty for slot V1:1:s1_b34. Deriving dynamically from scene 1 + visual_notes: ''
WARNING: [Visual Concepts Derivation Fallback] visual_concepts is missing/empty for slot A1:1:s1_b35. Deriving dynamically from scene 1 + visual_notes: ''
WARNING: [Visual Concepts Derivation Fallback] visual_concepts is missing/empty for slot V1:1:s1_b35. Deriving dynamically from scene 1 + visual_notes: ''
WARNING: [Visual Concepts Derivation Fallback] visual_concepts is missing/empty for slot A1:1:s1_b36. Deriving dynamically from scene 1 + visual_notes: ''
WARNING: [Visual Concepts Derivation Fallback] visual_concepts is missing/empty for slot V1:1:s1_b36. Deriving dynamically from scene 1 + visual_notes: ''
WARNING: [Visual Concepts Derivation Fallback] visual_concepts is missing/empty for slot A1:1:s1_b37. Deriving dynamically from scene 1 + visual_notes: ''
WARNING: [Visual Concepts Derivation Fallback] visual_concepts is missing/empty for slot V1:1:s1_b37. Deriving dynamically from scene 1 + visual_notes: ''
WARNING: [Visual Concepts Derivation Fallback] visual_concepts is missing/empty for slot A1:1:s1_b38. Deriving dynamically from scene 1 + visual_notes: ''
WARNING: [Visual Concepts Derivation Fallback] visual_concepts is missing/empty for slot V1:1:s1_b38. Deriving dynamically from scene 1 + visual_notes: ''
WARNING: [Visual Concepts Derivation Fallback] visual_concepts is missing/empty for slot A1:1:s1_b39. Deriving dynamically from scene 1 + visual_notes: ''
WARNING: [Visual Concepts Derivation Fallback] visual_concepts is missing/empty for slot V1:1:s1_b39. Deriving dynamically from scene 1 + visual_notes: ''
WARNING: [Visual Concepts Derivation Fallback] visual_concepts is missing/empty for slot A1:1:s1_b40. Deriving dynamically from scene 1 + visual_notes: ''
WARNING: [Visual Concepts Derivation Fallback] visual_concepts is missing/empty for slot V1:1:s1_b40. Deriving dynamically from scene 1 + visual_notes: ''
WARNING: [Visual Concepts Derivation Fallback] visual_concepts is missing/empty for slot A1:1:s1_b41. Deriving dynamically from scene 1 + visual_notes: ''
WARNING: [Visual Concepts Derivation Fallback] visual_concepts is missing/empty for slot V1:1:s1_b41. Deriving dynamically from scene 1 + visual_notes: ''
WARNING: [Visual Concepts Derivation Fallback] visual_concepts is missing/empty for slot A1:1:s1_b42. Deriving dynamically from scene 1 + visual_notes: ''
WARNING: [Visual Concepts Derivation Fallback] visual_concepts is missing/empty for slot V1:1:s1_b42. Deriving dynamically from scene 1 + visual_notes: ''
WARNING: [Visual Concepts Derivation Fallback] visual_concepts is missing/empty for slot A1:1:s1_b43. Deriving dynamically from scene 1 + visual_notes: ''
WARNING: [Visual Concepts Derivation Fallback] visual_concepts is missing/empty for slot V1:1:s1_b43. Deriving dynamically from scene 1 + visual_notes: ''
WARNING: [Visual Concepts Derivation Fallback] visual_concepts is missing/empty for slot A1:1:s1_b44. Deriving dynamically from scene 1 + visual_notes: ''
WARNING: [Visual Concepts Derivation Fallback] visual_concepts is missing/empty for slot V1:1:s1_b44. Deriving dynamically from scene 1 + visual_notes: ''
WARNING: [Visual Concepts Derivation Fallback] visual_concepts is missing/empty for slot A1:1:s1_b45. Deriving dynamically from scene 1 + visual_notes: ''
WARNING: [Visual Concepts Derivation Fallback] visual_concepts is missing/empty for slot V1:1:s1_b45. Deriving dynamically from scene 1 + visual_notes: ''
WARNING: [Visual Concepts Derivation Fallback] visual_concepts is missing/empty for slot A1:1:s1_b46. Deriving dynamically from scene 1 + visual_notes: ''
WARNING: [Visual Concepts Derivation Fallback] visual_concepts is missing/empty for slot V1:1:s1_b46. Deriving dynamically from scene 1 + visual_notes: ''
WARNING: [Visual Concepts Derivation Fallback] visual_concepts is missing/empty for slot A1:1:s1_b47. Deriving dynamically from scene 1 + visual_notes: ''
WARNING: [Visual Concepts Derivation Fallback] visual_concepts is missing/empty for slot V1:1:s1_b47. Deriving dynamically from scene 1 + visual_notes: ''
WARNING: [Visual Concepts Derivation Fallback] visual_concepts is missing/empty for slot A1:1:s1_b48. Deriving dynamically from scene 1 + visual_notes: ''
WARNING: [Visual Concepts Derivation Fallback] visual_concepts is missing/empty for slot V1:1:s1_b48. Deriving dynamically from scene 1 + visual_notes: ''
WARNING: [Visual Concepts Derivation Fallback] visual_concepts is missing/empty for slot A1:1:s1_b49. Deriving dynamically from scene 1 + visual_notes: ''
WARNING: [Visual Concepts Derivation Fallback] visual_concepts is missing/empty for slot V1:1:s1_b49. Deriving dynamically from scene 1 + visual_notes: ''
WARNING: [Visual Concepts Derivation Fallback] visual_concepts is missing/empty for slot A1:1:s1_b50. Deriving dynamically from scene 1 + visual_notes: ''
WARNING: [Visual Concepts Derivation Fallback] visual_concepts is missing/empty for slot V1:1:s1_b50. Deriving dynamically from scene 1 + visual_notes: ''
WARNING: [Visual Concepts Derivation Fallback] visual_concepts is missing/empty for slot A1:1:s1_b51. Deriving dynamically from scene 1 + visual_notes: ''
WARNING: [Visual Concepts Derivation Fallback] visual_concepts is missing/empty for slot V1:1:s1_b51. Deriving dynamically from scene 1 + visual_notes: ''
WARNING: [Visual Concepts Derivation Fallback] visual_concepts is missing/empty for slot A1:1:s1_b52. Deriving dynamically from scene 1 + visual_notes: ''
WARNING: [Visual Concepts Derivation Fallback] visual_concepts is missing/empty for slot V1:1:s1_b52. Deriving dynamically from scene 1 + visual_notes: ''
WARNING: [Visual Concepts Derivation Fallback] visual_concepts is missing/empty for slot A1:1:s1_b53. Deriving dynamically from scene 1 + visual_notes: ''
WARNING: [Visual Concepts Derivation Fallback] visual_concepts is missing/empty for slot V1:1:s1_b53. Deriving dynamically from scene 1 + visual_notes: ''
WARNING: [Visual Concepts Derivation Fallback] visual_concepts is missing/empty for slot A1:1:s1_b54. Deriving dynamically from scene 1 + visual_notes: ''
WARNING: [Visual Concepts Derivation Fallback] visual_concepts is missing/empty for slot V1:1:s1_b54. Deriving dynamically from scene 1 + visual_notes: ''
WARNING: [Visual Concepts Derivation Fallback] visual_concepts is missing/empty for slot A1:1:s1_b55. Deriving dynamically from scene 1 + visual_notes: ''
WARNING: [Visual Concepts Derivation Fallback] visual_concepts is missing/empty for slot V1:1:s1_b55. Deriving dynamically from scene 1 + visual_notes: ''
WARNING: [Visual Concepts Derivation Fallback] visual_concepts is missing/empty for slot A1:1:s1_b56. Deriving dynamically from scene 1 + visual_notes: ''
WARNING: [Visual Concepts Derivation Fallback] visual_concepts is missing/empty for slot V1:1:s1_b56. Deriving dynamically from scene 1 + visual_notes: ''
WARNING: [Visual Concepts Derivation Fallback] visual_concepts is missing/empty for slot A1:1:s1_b57. Deriving dynamically from scene 1 + visual_notes: ''
WARNING: [Visual Concepts Derivation Fallback] visual_concepts is missing/empty for slot V1:1:s1_b57. Deriving dynamically from scene 1 + visual_notes: ''
WARNING: [Visual Concepts Derivation Fallback] visual_concepts is missing/empty for slot A1:1:s1_b58. Deriving dynamically from scene 1 + visual_notes: ''
WARNING: [Visual Concepts Derivation Fallback] visual_concepts is missing/empty for slot V1:1:s1_b58. Deriving dynamically from scene 1 + visual_notes: ''
WARNING: [Visual Concepts Derivation Fallback] visual_concepts is missing/empty for slot A1:1:s1_b59. Deriving dynamically from scene 1 + visual_notes: ''
WARNING: [Visual Concepts Derivation Fallback] visual_concepts is missing/empty for slot V1:1:s1_b59. Deriving dynamically from scene 1 + visual_notes: ''
WARNING: [Visual Concepts Derivation Fallback] visual_concepts is missing/empty for slot A1:1:s1_b60. Deriving dynamically from scene 1 + visual_notes: ''
WARNING: [Visual Concepts Derivation Fallback] visual_concepts is missing/empty for slot V1:1:s1_b60. Deriving dynamically from scene 1 + visual_notes: ''
WARNING: [Visual Concepts Derivation Fallback] visual_concepts is missing/empty for slot A1:1:s1_b61. Deriving dynamically from scene 1 + visual_notes: ''
WARNING: [Visual Concepts Derivation Fallback] visual_concepts is missing/empty for slot V1:1:s1_b61. Deriving dynamically from scene 1 + visual_notes: ''
WARNING: [Visual Concepts Derivation Fallback] visual_concepts is missing/empty for slot A1:1:s1_b62. Deriving dynamically from scene 1 + visual_notes: ''
WARNING: [Visual Concepts Derivation Fallback] visual_concepts is missing/empty for slot V1:1:s1_b62. Deriving dynamically from scene 1 + visual_notes: ''
WARNING: [Visual Concepts Derivation Fallback] visual_concepts is missing/empty for slot A1:1:s1_b63. Deriving dynamically from scene 1 + visual_notes: ''
WARNING: [Visual Concepts Derivation Fallback] visual_concepts is missing/empty for slot V1:1:s1_b63. Deriving dynamically from scene 1 + visual_notes: ''
WARNING: [Visual Concepts Derivation Fallback] visual_concepts is missing/empty for slot A1:1:s1_b64. Deriving dynamically from scene 1 + visual_notes: ''
WARNING: [Visual Concepts Derivation Fallback] visual_concepts is missing/empty for slot V1:1:s1_b64. Deriving dynamically from scene 1 + visual_notes: ''
WARNING: [Visual Concepts Derivation Fallback] visual_concepts is missing/empty for slot A1:1:s1_b65. Deriving dynamically from scene 1 + visual_notes: ''
WARNING: [Visual Concepts Derivation Fallback] visual_concepts is missing/empty for slot V1:1:s1_b65. Deriving dynamically from scene 1 + visual_notes: ''
WARNING: [Visual Concepts Derivation Fallback] visual_concepts is missing/empty for slot A1:1:s1_b66. Deriving dynamically from scene 1 + visual_notes: ''
WARNING: [Visual Concepts Derivation Fallback] visual_concepts is missing/empty for slot V1:1:s1_b66. Deriving dynamically from scene 1 + visual_notes: ''
WARNING: [Visual Concepts Derivation Fallback] visual_concepts is missing/empty for slot A1:1:s1_b67. Deriving dynamically from scene 1 + visual_notes: ''
WARNING: [Visual Concepts Derivation Fallback] visual_concepts is missing/empty for slot V1:1:s1_b67. Deriving dynamically from scene 1 + visual_notes: ''
WARNING: [Visual Concepts Derivation Fallback] visual_concepts is missing/empty for slot A1:1:s1_b68. Deriving dynamically from scene 1 + visual_notes: ''
WARNING: [Visual Concepts Derivation Fallback] visual_concepts is missing/empty for slot V1:1:s1_b68. Deriving dynamically from scene 1 + visual_notes: ''
WARNING: [Visual Concepts Derivation Fallback] visual_concepts is missing/empty for slot A1:1:s1_b69. Deriving dynamically from scene 1 + visual_notes: ''
WARNING: [Visual Concepts Derivation Fallback] visual_concepts is missing/empty for slot V1:1:s1_b69. Deriving dynamically from scene 1 + visual_notes: ''
WARNING: [Visual Concepts Derivation Fallback] visual_concepts is missing/empty for slot A1:1:s1_b70. Deriving dynamically from scene 1 + visual_notes: ''
WARNING: [Visual Concepts Derivation Fallback] visual_concepts is missing/empty for slot V1:1:s1_b70. Deriving dynamically from scene 1 + visual_notes: ''
WARNING: [Visual Concepts Derivation Fallback] visual_concepts is missing/empty for slot A1:1:s1_b71. Deriving dynamically from scene 1 + visual_notes: ''
WARNING: [Visual Concepts Derivation Fallback] visual_concepts is missing/empty for slot V1:1:s1_b71. Deriving dynamically from scene 1 + visual_notes: ''
WARNING: [Visual Concepts Derivation Fallback] visual_concepts is missing/empty for slot A1:1:s1_b72. Deriving dynamically from scene 1 + visual_notes: ''
WARNING: [Visual Concepts Derivation Fallback] visual_concepts is missing/empty for slot V1:1:s1_b72. Deriving dynamically from scene 1 + visual_notes: ''
WARNING: [Visual Concepts Derivation Fallback] visual_concepts is missing/empty for slot A1:1:s1_b73. Deriving dynamically from scene 1 + visual_notes: ''
WARNING: [Visual Concepts Derivation Fallback] visual_concepts is missing/empty for slot V1:1:s1_b73. Deriving dynamically from scene 1 + visual_notes: ''
WARNING: [Visual Concepts Derivation Fallback] visual_concepts is missing/empty for slot A1:1:s1_b74. Deriving dynamically from scene 1 + visual_notes: ''
WARNING: [Visual Concepts Derivation Fallback] visual_concepts is missing/empty for slot V1:1:s1_b74. Deriving dynamically from scene 1 + visual_notes: ''
WARNING: [Visual Concepts Derivation Fallback] visual_concepts is missing/empty for slot A1:1:s1_b75. Deriving dynamically from scene 1 + visual_notes: ''
WARNING: [Visual Concepts Derivation Fallback] visual_concepts is missing/empty for slot V1:1:s1_b75. Deriving dynamically from scene 1 + visual_notes: ''
WARNING: [Visual Concepts Derivation Fallback] visual_concepts is missing/empty for slot A1:1:s1_b76. Deriving dynamically from scene 1 + visual_notes: ''
WARNING: [Visual Concepts Derivation Fallback] visual_concepts is missing/empty for slot V1:1:s1_b76. Deriving dynamically from scene 1 + visual_notes: ''
WARNING: [Visual Concepts Derivation Fallback] visual_concepts is missing/empty for slot A1:1:s1_b77. Deriving dynamically from scene 1 + visual_notes: ''
WARNING: [Visual Concepts Derivation Fallback] visual_concepts is missing/empty for slot V1:1:s1_b77. Deriving dynamically from scene 1 + visual_notes: ''
WARNING: [Visual Concepts Derivation Fallback] visual_concepts is missing/empty for slot A1:1:s1_b78. Deriving dynamically from scene 1 + visual_notes: ''
WARNING: [Visual Concepts Derivation Fallback] visual_concepts is missing/empty for slot V1:1:s1_b78. Deriving dynamically from scene 1 + visual_notes: ''
WARNING: [Visual Concepts Derivation Fallback] visual_concepts is missing/empty for slot A1:1:s1_b79. Deriving dynamically from scene 1 + visual_notes: ''
WARNING: [Visual Concepts Derivation Fallback] visual_concepts is missing/empty for slot V1:1:s1_b79. Deriving dynamically from scene 1 + visual_notes: ''
WARNING: [Visual Concepts Derivation Fallback] visual_concepts is missing/empty for slot A1:1:s1_b80. Deriving dynamically from scene 1 + visual_notes: ''
WARNING: [Visual Concepts Derivation Fallback] visual_concepts is missing/empty for slot V1:1:s1_b80. Deriving dynamically from scene 1 + visual_notes: ''
WARNING: [Visual Concepts Derivation Fallback] visual_concepts is missing/empty for slot A1:1:s1_b81. Deriving dynamically from scene 1 + visual_notes: ''
WARNING: [Visual Concepts Derivation Fallback] visual_concepts is missing/empty for slot V1:1:s1_b81. Deriving dynamically from scene 1 + visual_notes: ''
WARNING: [Visual Concepts Derivation Fallback] visual_concepts is missing/empty for slot A1:1:s1_b82. Deriving dynamically from scene 1 + visual_notes: ''
WARNING: [Visual Concepts Derivation Fallback] visual_concepts is missing/empty for slot V1:1:s1_b82. Deriving dynamically from scene 1 + visual_notes: ''
WARNING: [Visual Concepts Derivation Fallback] visual_concepts is missing/empty for slot A1:1:s1_b83. Deriving dynamically from scene 1 + visual_notes: ''
WARNING: [Visual Concepts Derivation Fallback] visual_concepts is missing/empty for slot V1:1:s1_b83. Deriving dynamically from scene 1 + visual_notes: ''
WARNING: [Visual Concepts Derivation Fallback] visual_concepts is missing/empty for slot A1:1:s1_b84. Deriving dynamically from scene 1 + visual_notes: ''
WARNING: [Visual Concepts Derivation Fallback] visual_concepts is missing/empty for slot V1:1:s1_b84. Deriving dynamically from scene 1 + visual_notes: ''
WARNING: [Visual Concepts Derivation Fallback] visual_concepts is missing/empty for slot A1:1:s1_b85. Deriving dynamically from scene 1 + visual_notes: ''
WARNING: [Visual Concepts Derivation Fallback] visual_concepts is missing/empty for slot V1:1:s1_b85. Deriving dynamically from scene 1 + visual_notes: ''
WARNING: [Visual Concepts Derivation Fallback] visual_concepts is missing/empty for slot A1:1:s1_b86. Deriving dynamically from scene 1 + visual_notes: ''
WARNING: [Visual Concepts Derivation Fallback] visual_concepts is missing/empty for slot V1:1:s1_b86. Deriving dynamically from scene 1 + visual_notes: ''
WARNING: [Visual Concepts Derivation Fallback] visual_concepts is missing/empty for slot A1:1:s1_b87. Deriving dynamically from scene 1 + visual_notes: ''
WARNING: [Visual Concepts Derivation Fallback] visual_concepts is missing/empty for slot V1:1:s1_b87. Deriving dynamically from scene 1 + visual_notes: ''
WARNING: [Visual Concepts Derivation Fallback] visual_concepts is missing/empty for slot A1:1:s1_b88. Deriving dynamically from scene 1 + visual_notes: ''
WARNING: [Visual Concepts Derivation Fallback] visual_concepts is missing/empty for slot V1:1:s1_b88. Deriving dynamically from scene 1 + visual_notes: ''
WARNING: [Visual Concepts Derivation Fallback] visual_concepts is missing/empty for slot A1:1:s1_b89. Deriving dynamically from scene 1 + visual_notes: ''
WARNING: [Visual Concepts Derivation Fallback] visual_concepts is missing/empty for slot V1:1:s1_b89. Deriving dynamically from scene 1 + visual_notes: ''
WARNING: [Visual Concepts Derivation Fallback] visual_concepts is missing/empty for slot A1:1:s1_b90. Deriving dynamically from scene 1 + visual_notes: ''
WARNING: [Visual Concepts Derivation Fallback] visual_concepts is missing/empty for slot V1:1:s1_b90. Deriving dynamically from scene 1 + visual_notes: ''
WARNING: [Visual Concepts Derivation Fallback] visual_concepts is missing/empty for slot A1:1:s1_b91. Deriving dynamically from scene 1 + visual_notes: ''
WARNING: [Visual Concepts Derivation Fallback] visual_concepts is missing/empty for slot V1:1:s1_b91. Deriving dynamically from scene 1 + visual_notes: ''
WARNING: [Visual Concepts Derivation Fallback] visual_concepts is missing/empty for slot A1:1:s1_b92. Deriving dynamically from scene 1 + visual_notes: ''
WARNING: [Visual Concepts Derivation Fallback] visual_concepts is missing/empty for slot V1:1:s1_b92. Deriving dynamically from scene 1 + visual_notes: ''
WARNING: [Visual Concepts Derivation Fallback] visual_concepts is missing/empty for slot A1:1:s1_b93. Deriving dynamically from scene 1 + visual_notes: ''
WARNING: [Visual Concepts Derivation Fallback] visual_concepts is missing/empty for slot V1:1:s1_b93. Deriving dynamically from scene 1 + visual_notes: ''
WARNING: [Visual Concepts Derivation Fallback] visual_concepts is missing/empty for slot A1:1:s1_b94. Deriving dynamically from scene 1 + visual_notes: ''
WARNING: [Visual Concepts Derivation Fallback] visual_concepts is missing/empty for slot V1:1:s1_b94. Deriving dynamically from scene 1 + visual_notes: ''
WARNING: [Visual Concepts Derivation Fallback] visual_concepts is missing/empty for slot A1:1:s1_b95. Deriving dynamically from scene 1 + visual_notes: ''
WARNING: [Visual Concepts Derivation Fallback] visual_concepts is missing/empty for slot V1:1:s1_b95. Deriving dynamically from scene 1 + visual_notes: ''
WARNING: [Visual Concepts Derivation Fallback] visual_concepts is missing/empty for slot A1:1:s1_b96. Deriving dynamically from scene 1 + visual_notes: ''
WARNING: [Visual Concepts Derivation Fallback] visual_concepts is missing/empty for slot V1:1:s1_b96. Deriving dynamically from scene 1 + visual_notes: ''
WARNING: [Visual Concepts Derivation Fallback] visual_concepts is missing/empty for slot A1:1:s1_b97. Deriving dynamically from scene 1 + visual_notes: ''
WARNING: [Visual Concepts Derivation Fallback] visual_concepts is missing/empty for slot V1:1:s1_b97. Deriving dynamically from scene 1 + visual_notes: ''
WARNING: [Visual Concepts Derivation Fallback] visual_concepts is missing/empty for slot A1:1:s1_b98. Deriving dynamically from scene 1 + visual_notes: ''
WARNING: [Visual Concepts Derivation Fallback] visual_concepts is missing/empty for slot V1:1:s1_b98. Deriving dynamically from scene 1 + visual_notes: ''
WARNING: [Visual Concepts Derivation Fallback] visual_concepts is missing/empty for slot A1:1:s1_b99. Deriving dynamically from scene 1 + visual_notes: ''
WARNING: [Visual Concepts Derivation Fallback] visual_concepts is missing/empty for slot V1:1:s1_b99. Deriving dynamically from scene 1 + visual_notes: ''
WARNING: [Visual Concepts Derivation Fallback] visual_concepts is missing/empty for slot A1:1:s1_b100. Deriving dynamically from scene 1 + visual_notes: ''
WARNING: [Visual Concepts Derivation Fallback] visual_concepts is missing/empty for slot V1:1:s1_b100. Deriving dynamically from scene 1 + visual_notes: ''
WARNING: [Visual Concepts Derivation Fallback] visual_concepts is missing/empty for slot A1:1:s1_b1. Deriving dynamically from scene 1 + visual_notes: ''
WARNING: [Visual Concepts Derivation Fallback] visual_concepts is missing/empty for slot V1:1:s1_b1. Deriving dynamically from scene 1 + visual_notes: ''
WARNING: [Visual Concepts Derivation Fallback] visual_concepts is missing/empty for slot A1:1:s1_b2. Deriving dynamically from scene 1 + visual_notes: ''
WARNING: [Visual Concepts Derivation Fallback] visual_concepts is missing/empty for slot V1:1:s1_b2. Deriving dynamically from scene 1 + visual_notes: ''
WARNING: [Visual Concepts Derivation Fallback] visual_concepts is missing/empty for slot A1:1:s1_b3. Deriving dynamically from scene 1 + visual_notes: ''
WARNING: [Visual Concepts Derivation Fallback] visual_concepts is missing/empty for slot V1:1:s1_b3. Deriving dynamically from scene 1 + visual_notes: ''
WARNING: [Visual Concepts Derivation Fallback] visual_concepts is missing/empty for slot A1:1:s1_b4. Deriving dynamically from scene 1 + visual_notes: ''
WARNING: [Visual Concepts Derivation Fallback] visual_concepts is missing/empty for slot V1:1:s1_b4. Deriving dynamically from scene 1 + visual_notes: ''
WARNING: [Visual Concepts Derivation Fallback] visual_concepts is missing/empty for slot A1:1:s1_b5. Deriving dynamically from scene 1 + visual_notes: ''
WARNING: [Visual Concepts Derivation Fallback] visual_concepts is missing/empty for slot V1:1:s1_b5. Deriving dynamically from scene 1 + visual_notes: ''
WARNING: [Visual Concepts Derivation Fallback] visual_concepts is missing/empty for slot A1:1:s1_b6. Deriving dynamically from scene 1 + visual_notes: ''
WARNING: [Visual Concepts Derivation Fallback] visual_concepts is missing/empty for slot V1:1:s1_b6. Deriving dynamically from scene 1 + visual_notes: ''
WARNING: [Visual Concepts Derivation Fallback] visual_concepts is missing/empty for slot A1:1:s1_b7. Deriving dynamically from scene 1 + visual_notes: ''
WARNING: [Visual Concepts Derivation Fallback] visual_concepts is missing/empty for slot V1:1:s1_b7. Deriving dynamically from scene 1 + visual_notes: ''
WARNING: [Visual Concepts Derivation Fallback] visual_concepts is missing/empty for slot A1:1:s1_b8. Deriving dynamically from scene 1 + visual_notes: ''
WARNING: [Visual Concepts Derivation Fallback] visual_concepts is missing/empty for slot V1:1:s1_b8. Deriving dynamically from scene 1 + visual_notes: ''
WARNING: [Visual Concepts Derivation Fallback] visual_concepts is missing/empty for slot A1:1:s1_b9. Deriving dynamically from scene 1 + visual_notes: ''
WARNING: [Visual Concepts Derivation Fallback] visual_concepts is missing/empty for slot V1:1:s1_b9. Deriving dynamically from scene 1 + visual_notes: ''
WARNING: [Visual Concepts Derivation Fallback] visual_concepts is missing/empty for slot A1:1:s1_b10. Deriving dynamically from scene 1 + visual_notes: ''
WARNING: [Visual Concepts Derivation Fallback] visual_concepts is missing/empty for slot V1:1:s1_b10. Deriving dynamically from scene 1 + visual_notes: ''
WARNING: [Visual Concepts Derivation Fallback] visual_concepts is missing/empty for slot A1:1:s1_b11. Deriving dynamically from scene 1 + visual_notes: ''
WARNING: [Visual Concepts Derivation Fallback] visual_concepts is missing/empty for slot V1:1:s1_b11. Deriving dynamically from scene 1 + visual_notes: ''
WARNING: [Visual Concepts Derivation Fallback] visual_concepts is missing/empty for slot A1:1:s1_b12. Deriving dynamically from scene 1 + visual_notes: ''
WARNING: [Visual Concepts Derivation Fallback] visual_concepts is missing/empty for slot V1:1:s1_b12. Deriving dynamically from scene 1 + visual_notes: ''
WARNING: [Visual Concepts Derivation Fallback] visual_concepts is missing/empty for slot A1:1:s1_b13. Deriving dynamically from scene 1 + visual_notes: ''
WARNING: [Visual Concepts Derivation Fallback] visual_concepts is missing/empty for slot V1:1:s1_b13. Deriving dynamically from scene 1 + visual_notes: ''
WARNING: [Visual Concepts Derivation Fallback] visual_concepts is missing/empty for slot A1:1:s1_b14. Deriving dynamically from scene 1 + visual_notes: ''
WARNING: [Visual Concepts Derivation Fallback] visual_concepts is missing/empty for slot V1:1:s1_b14. Deriving dynamically from scene 1 + visual_notes: ''
WARNING: [Visual Concepts Derivation Fallback] visual_concepts is missing/empty for slot A1:1:s1_b15. Deriving dynamically from scene 1 + visual_notes: ''
WARNING: [Visual Concepts Derivation Fallback] visual_concepts is missing/empty for slot V1:1:s1_b15. Deriving dynamically from scene 1 + visual_notes: ''
WARNING: [Visual Concepts Derivation Fallback] visual_concepts is missing/empty for slot A1:1:s1_b16. Deriving dynamically from scene 1 + visual_notes: ''
WARNING: [Visual Concepts Derivation Fallback] visual_concepts is missing/empty for slot V1:1:s1_b16. Deriving dynamically from scene 1 + visual_notes: ''
WARNING: [Visual Concepts Derivation Fallback] visual_concepts is missing/empty for slot A1:1:s1_b17. Deriving dynamically from scene 1 + visual_notes: ''
WARNING: [Visual Concepts Derivation Fallback] visual_concepts is missing/empty for slot V1:1:s1_b17. Deriving dynamically from scene 1 + visual_notes: ''
WARNING: [Visual Concepts Derivation Fallback] visual_concepts is missing/empty for slot A1:1:s1_b18. Deriving dynamically from scene 1 + visual_notes: ''
WARNING: [Visual Concepts Derivation Fallback] visual_concepts is missing/empty for slot V1:1:s1_b18. Deriving dynamically from scene 1 + visual_notes: ''
WARNING: [Visual Concepts Derivation Fallback] visual_concepts is missing/empty for slot A1:1:s1_b19. Deriving dynamically from scene 1 + visual_notes: ''
WARNING: [Visual Concepts Derivation Fallback] visual_concepts is missing/empty for slot V1:1:s1_b19. Deriving dynamically from scene 1 + visual_notes: ''
WARNING: [Visual Concepts Derivation Fallback] visual_concepts is missing/empty for slot A1:1:s1_b20. Deriving dynamically from scene 1 + visual_notes: ''
WARNING: [Visual Concepts Derivation Fallback] visual_concepts is missing/empty for slot V1:1:s1_b20. Deriving dynamically from scene 1 + visual_notes: ''
WARNING: [Visual Concepts Derivation Fallback] visual_concepts is missing/empty for slot A1:1:s1_b21. Deriving dynamically from scene 1 + visual_notes: ''
WARNING: [Visual Concepts Derivation Fallback] visual_concepts is missing/empty for slot V1:1:s1_b21. Deriving dynamically from scene 1 + visual_notes: ''
WARNING: [Visual Concepts Derivation Fallback] visual_concepts is missing/empty for slot A1:1:s1_b22. Deriving dynamically from scene 1 + visual_notes: ''
WARNING: [Visual Concepts Derivation Fallback] visual_concepts is missing/empty for slot V1:1:s1_b22. Deriving dynamically from scene 1 + visual_notes: ''
WARNING: [Visual Concepts Derivation Fallback] visual_concepts is missing/empty for slot A1:1:s1_b23. Deriving dynamically from scene 1 + visual_notes: ''
WARNING: [Visual Concepts Derivation Fallback] visual_concepts is missing/empty for slot V1:1:s1_b23. Deriving dynamically from scene 1 + visual_notes: ''
WARNING: [Visual Concepts Derivation Fallback] visual_concepts is missing/empty for slot A1:1:s1_b24. Deriving dynamically from scene 1 + visual_notes: ''
WARNING: [Visual Concepts Derivation Fallback] visual_concepts is missing/empty for slot V1:1:s1_b24. Deriving dynamically from scene 1 + visual_notes: ''
WARNING: [Visual Concepts Derivation Fallback] visual_concepts is missing/empty for slot A1:1:s1_b25. Deriving dynamically from scene 1 + visual_notes: ''
WARNING: [Visual Concepts Derivation Fallback] visual_concepts is missing/empty for slot V1:1:s1_b25. Deriving dynamically from scene 1 + visual_notes: ''
WARNING: [Visual Concepts Derivation Fallback] visual_concepts is missing/empty for slot A1:1:s1_b26. Deriving dynamically from scene 1 + visual_notes: ''
WARNING: [Visual Concepts Derivation Fallback] visual_concepts is missing/empty for slot V1:1:s1_b26. Deriving dynamically from scene 1 + visual_notes: ''
WARNING: [Visual Concepts Derivation Fallback] visual_concepts is missing/empty for slot A1:1:s1_b27. Deriving dynamically from scene 1 + visual_notes: ''
WARNING: [Visual Concepts Derivation Fallback] visual_concepts is missing/empty for slot V1:1:s1_b27. Deriving dynamically from scene 1 + visual_notes: ''
WARNING: [Visual Concepts Derivation Fallback] visual_concepts is missing/empty for slot A1:1:s1_b28. Deriving dynamically from scene 1 + visual_notes: ''
WARNING: [Visual Concepts Derivation Fallback] visual_concepts is missing/empty for slot V1:1:s1_b28. Deriving dynamically from scene 1 + visual_notes: ''
WARNING: [Visual Concepts Derivation Fallback] visual_concepts is missing/empty for slot A1:1:s1_b29. Deriving dynamically from scene 1 + visual_notes: ''
WARNING: [Visual Concepts Derivation Fallback] visual_concepts is missing/empty for slot V1:1:s1_b29. Deriving dynamically from scene 1 + visual_notes: ''
WARNING: [Visual Concepts Derivation Fallback] visual_concepts is missing/empty for slot A1:1:s1_b30. Deriving dynamically from scene 1 + visual_notes: ''
WARNING: [Visual Concepts Derivation Fallback] visual_concepts is missing/empty for slot V1:1:s1_b30. Deriving dynamically from scene 1 + visual_notes: ''
WARNING: [Visual Concepts Derivation Fallback] visual_concepts is missing/empty for slot A1:1:s1_b31. Deriving dynamically from scene 1 + visual_notes: ''
WARNING: [Visual Concepts Derivation Fallback] visual_concepts is missing/empty for slot V1:1:s1_b31. Deriving dynamically from scene 1 + visual_notes: ''
WARNING: [Visual Concepts Derivation Fallback] visual_concepts is missing/empty for slot A1:1:s1_b32. Deriving dynamically from scene 1 + visual_notes: ''
WARNING: [Visual Concepts Derivation Fallback] visual_concepts is missing/empty for slot V1:1:s1_b32. Deriving dynamically from scene 1 + visual_notes: ''
WARNING: [Visual Concepts Derivation Fallback] visual_concepts is missing/empty for slot A1:1:s1_b33. Deriving dynamically from scene 1 + visual_notes: ''
WARNING: [Visual Concepts Derivation Fallback] visual_concepts is missing/empty for slot V1:1:s1_b33. Deriving dynamically from scene 1 + visual_notes: ''
WARNING: [Visual Concepts Derivation Fallback] visual_concepts is missing/empty for slot A1:1:s1_b34. Deriving dynamically from scene 1 + visual_notes: ''
WARNING: [Visual Concepts Derivation Fallback] visual_concepts is missing/empty for slot V1:1:s1_b34. Deriving dynamically from scene 1 + visual_notes: ''
WARNING: [Visual Concepts Derivation Fallback] visual_concepts is missing/empty for slot A1:1:s1_b35. Deriving dynamically from scene 1 + visual_notes: ''
WARNING: [Visual Concepts Derivation Fallback] visual_concepts is missing/empty for slot V1:1:s1_b35. Deriving dynamically from scene 1 + visual_notes: ''
WARNING: [Visual Concepts Derivation Fallback] visual_concepts is missing/empty for slot A1:1:s1_b36. Deriving dynamically from scene 1 + visual_notes: ''
WARNING: [Visual Concepts Derivation Fallback] visual_concepts is missing/empty for slot V1:1:s1_b36. Deriving dynamically from scene 1 + visual_notes: ''
WARNING: [Visual Concepts Derivation Fallback] visual_concepts is missing/empty for slot A1:1:s1_b37. Deriving dynamically from scene 1 + visual_notes: ''
WARNING: [Visual Concepts Derivation Fallback] visual_concepts is missing/empty for slot V1:1:s1_b37. Deriving dynamically from scene 1 + visual_notes: ''
WARNING: [Visual Concepts Derivation Fallback] visual_concepts is missing/empty for slot A1:1:s1_b38. Deriving dynamically from scene 1 + visual_notes: ''
WARNING: [Visual Concepts Derivation Fallback] visual_concepts is missing/empty for slot V1:1:s1_b38. Deriving dynamically from scene 1 + visual_notes: ''
WARNING: [Visual Concepts Derivation Fallback] visual_concepts is missing/empty for slot A1:1:s1_b39. Deriving dynamically from scene 1 + visual_notes: ''
WARNING: [Visual Concepts Derivation Fallback] visual_concepts is missing/empty for slot V1:1:s1_b39. Deriving dynamically from scene 1 + visual_notes: ''
WARNING: [Visual Concepts Derivation Fallback] visual_concepts is missing/empty for slot A1:1:s1_b40. Deriving dynamically from scene 1 + visual_notes: ''
WARNING: [Visual Concepts Derivation Fallback] visual_concepts is missing/empty for slot V1:1:s1_b40. Deriving dynamically from scene 1 + visual_notes: ''
WARNING: [Visual Concepts Derivation Fallback] visual_concepts is missing/empty for slot A1:1:s1_b41. Deriving dynamically from scene 1 + visual_notes: ''
WARNING: [Visual Concepts Derivation Fallback] visual_concepts is missing/empty for slot V1:1:s1_b41. Deriving dynamically from scene 1 + visual_notes: ''
WARNING: [Visual Concepts Derivation Fallback] visual_concepts is missing/empty for slot A1:1:s1_b42. Deriving dynamically from scene 1 + visual_notes: ''
WARNING: [Visual Concepts Derivation Fallback] visual_concepts is missing/empty for slot V1:1:s1_b42. Deriving dynamically from scene 1 + visual_notes: ''
WARNING: [Visual Concepts Derivation Fallback] visual_concepts is missing/empty for slot A1:1:s1_b43. Deriving dynamically from scene 1 + visual_notes: ''
WARNING: [Visual Concepts Derivation Fallback] visual_concepts is missing/empty for slot V1:1:s1_b43. Deriving dynamically from scene 1 + visual_notes: ''
WARNING: [Visual Concepts Derivation Fallback] visual_concepts is missing/empty for slot A1:1:s1_b44. Deriving dynamically from scene 1 + visual_notes: ''
WARNING: [Visual Concepts Derivation Fallback] visual_concepts is missing/empty for slot V1:1:s1_b44. Deriving dynamically from scene 1 + visual_notes: ''
WARNING: [Visual Concepts Derivation Fallback] visual_concepts is missing/empty for slot A1:1:s1_b45. Deriving dynamically from scene 1 + visual_notes: ''
WARNING: [Visual Concepts Derivation Fallback] visual_concepts is missing/empty for slot V1:1:s1_b45. Deriving dynamically from scene 1 + visual_notes: ''
WARNING: [Visual Concepts Derivation Fallback] visual_concepts is missing/empty for slot A1:1:s1_b46. Deriving dynamically from scene 1 + visual_notes: ''
WARNING: [Visual Concepts Derivation Fallback] visual_concepts is missing/empty for slot V1:1:s1_b46. Deriving dynamically from scene 1 + visual_notes: ''
WARNING: [Visual Concepts Derivation Fallback] visual_concepts is missing/empty for slot A1:1:s1_b47. Deriving dynamically from scene 1 + visual_notes: ''
WARNING: [Visual Concepts Derivation Fallback] visual_concepts is missing/empty for slot V1:1:s1_b47. Deriving dynamically from scene 1 + visual_notes: ''
WARNING: [Visual Concepts Derivation Fallback] visual_concepts is missing/empty for slot A1:1:s1_b48. Deriving dynamically from scene 1 + visual_notes: ''
WARNING: [Visual Concepts Derivation Fallback] visual_concepts is missing/empty for slot V1:1:s1_b48. Deriving dynamically from scene 1 + visual_notes: ''
WARNING: [Visual Concepts Derivation Fallback] visual_concepts is missing/empty for slot A1:1:s1_b49. Deriving dynamically from scene 1 + visual_notes: ''
WARNING: [Visual Concepts Derivation Fallback] visual_concepts is missing/empty for slot V1:1:s1_b49. Deriving dynamically from scene 1 + visual_notes: ''
WARNING: [Visual Concepts Derivation Fallback] visual_concepts is missing/empty for slot A1:1:s1_b50. Deriving dynamically from scene 1 + visual_notes: ''
WARNING: [Visual Concepts Derivation Fallback] visual_concepts is missing/empty for slot V1:1:s1_b50. Deriving dynamically from scene 1 + visual_notes: ''
WARNING: [Visual Concepts Derivation Fallback] visual_concepts is missing/empty for slot A1:1:s1_b51. Deriving dynamically from scene 1 + visual_notes: ''
WARNING: [Visual Concepts Derivation Fallback] visual_concepts is missing/empty for slot V1:1:s1_b51. Deriving dynamically from scene 1 + visual_notes: ''
WARNING: [Visual Concepts Derivation Fallback] visual_concepts is missing/empty for slot A1:1:s1_b52. Deriving dynamically from scene 1 + visual_notes: ''
WARNING: [Visual Concepts Derivation Fallback] visual_concepts is missing/empty for slot V1:1:s1_b52. Deriving dynamically from scene 1 + visual_notes: ''
WARNING: [Visual Concepts Derivation Fallback] visual_concepts is missing/empty for slot A1:1:s1_b53. Deriving dynamically from scene 1 + visual_notes: ''
WARNING: [Visual Concepts Derivation Fallback] visual_concepts is missing/empty for slot V1:1:s1_b53. Deriving dynamically from scene 1 + visual_notes: ''
WARNING: [Visual Concepts Derivation Fallback] visual_concepts is missing/empty for slot A1:1:s1_b54. Deriving dynamically from scene 1 + visual_notes: ''
WARNING: [Visual Concepts Derivation Fallback] visual_concepts is missing/empty for slot V1:1:s1_b54. Deriving dynamically from scene 1 + visual_notes: ''
WARNING: [Visual Concepts Derivation Fallback] visual_concepts is missing/empty for slot A1:1:s1_b55. Deriving dynamically from scene 1 + visual_notes: ''
WARNING: [Visual Concepts Derivation Fallback] visual_concepts is missing/empty for slot V1:1:s1_b55. Deriving dynamically from scene 1 + visual_notes: ''
WARNING: [Visual Concepts Derivation Fallback] visual_concepts is missing/empty for slot A1:1:s1_b56. Deriving dynamically from scene 1 + visual_notes: ''
WARNING: [Visual Concepts Derivation Fallback] visual_concepts is missing/empty for slot V1:1:s1_b56. Deriving dynamically from scene 1 + visual_notes: ''
WARNING: [Visual Concepts Derivation Fallback] visual_concepts is missing/empty for slot A1:1:s1_b57. Deriving dynamically from scene 1 + visual_notes: ''
WARNING: [Visual Concepts Derivation Fallback] visual_concepts is missing/empty for slot V1:1:s1_b57. Deriving dynamically from scene 1 + visual_notes: ''
WARNING: [Visual Concepts Derivation Fallback] visual_concepts is missing/empty for slot A1:1:s1_b58. Deriving dynamically from scene 1 + visual_notes: ''
WARNING: [Visual Concepts Derivation Fallback] visual_concepts is missing/empty for slot V1:1:s1_b58. Deriving dynamically from scene 1 + visual_notes: ''
WARNING: [Visual Concepts Derivation Fallback] visual_concepts is missing/empty for slot A1:1:s1_b59. Deriving dynamically from scene 1 + visual_notes: ''
WARNING: [Visual Concepts Derivation Fallback] visual_concepts is missing/empty for slot V1:1:s1_b59. Deriving dynamically from scene 1 + visual_notes: ''
WARNING: [Visual Concepts Derivation Fallback] visual_concepts is missing/empty for slot A1:1:s1_b60. Deriving dynamically from scene 1 + visual_notes: ''
WARNING: [Visual Concepts Derivation Fallback] visual_concepts is missing/empty for slot V1:1:s1_b60. Deriving dynamically from scene 1 + visual_notes: ''
WARNING: [Visual Concepts Derivation Fallback] visual_concepts is missing/empty for slot A1:1:s1_b61. Deriving dynamically from scene 1 + visual_notes: ''
WARNING: [Visual Concepts Derivation Fallback] visual_concepts is missing/empty for slot V1:1:s1_b61. Deriving dynamically from scene 1 + visual_notes: ''
WARNING: [Visual Concepts Derivation Fallback] visual_concepts is missing/empty for slot A1:1:s1_b62. Deriving dynamically from scene 1 + visual_notes: ''
WARNING: [Visual Concepts Derivation Fallback] visual_concepts is missing/empty for slot V1:1:s1_b62. Deriving dynamically from scene 1 + visual_notes: ''
WARNING: [Visual Concepts Derivation Fallback] visual_concepts is missing/empty for slot A1:1:s1_b63. Deriving dynamically from scene 1 + visual_notes: ''
WARNING: [Visual Concepts Derivation Fallback] visual_concepts is missing/empty for slot V1:1:s1_b63. Deriving dynamically from scene 1 + visual_notes: ''
WARNING: [Visual Concepts Derivation Fallback] visual_concepts is missing/empty for slot A1:1:s1_b64. Deriving dynamically from scene 1 + visual_notes: ''
WARNING: [Visual Concepts Derivation Fallback] visual_concepts is missing/empty for slot V1:1:s1_b64. Deriving dynamically from scene 1 + visual_notes: ''
WARNING: [Visual Concepts Derivation Fallback] visual_concepts is missing/empty for slot A1:1:s1_b65. Deriving dynamically from scene 1 + visual_notes: ''
WARNING: [Visual Concepts Derivation Fallback] visual_concepts is missing/empty for slot V1:1:s1_b65. Deriving dynamically from scene 1 + visual_notes: ''
WARNING: [Visual Concepts Derivation Fallback] visual_concepts is missing/empty for slot A1:1:s1_b66. Deriving dynamically from scene 1 + visual_notes: ''
WARNING: [Visual Concepts Derivation Fallback] visual_concepts is missing/empty for slot V1:1:s1_b66. Deriving dynamically from scene 1 + visual_notes: ''
WARNING: [Visual Concepts Derivation Fallback] visual_concepts is missing/empty for slot A1:1:s1_b67. Deriving dynamically from scene 1 + visual_notes: ''
WARNING: [Visual Concepts Derivation Fallback] visual_concepts is missing/empty for slot V1:1:s1_b67. Deriving dynamically from scene 1 + visual_notes: ''
WARNING: [Visual Concepts Derivation Fallback] visual_concepts is missing/empty for slot A1:1:s1_b68. Deriving dynamically from scene 1 + visual_notes: ''
WARNING: [Visual Concepts Derivation Fallback] visual_concepts is missing/empty for slot V1:1:s1_b68. Deriving dynamically from scene 1 + visual_notes: ''
WARNING: [Visual Concepts Derivation Fallback] visual_concepts is missing/empty for slot A1:1:s1_b69. Deriving dynamically from scene 1 + visual_notes: ''
WARNING: [Visual Concepts Derivation Fallback] visual_concepts is missing/empty for slot V1:1:s1_b69. Deriving dynamically from scene 1 + visual_notes: ''
WARNING: [Visual Concepts Derivation Fallback] visual_concepts is missing/empty for slot A1:1:s1_b70. Deriving dynamically from scene 1 + visual_notes: ''
WARNING: [Visual Concepts Derivation Fallback] visual_concepts is missing/empty for slot V1:1:s1_b70. Deriving dynamically from scene 1 + visual_notes: ''
WARNING: [Visual Concepts Derivation Fallback] visual_concepts is missing/empty for slot A1:1:s1_b71. Deriving dynamically from scene 1 + visual_notes: ''
WARNING: [Visual Concepts Derivation Fallback] visual_concepts is missing/empty for slot V1:1:s1_b71. Deriving dynamically from scene 1 + visual_notes: ''
WARNING: [Visual Concepts Derivation Fallback] visual_concepts is missing/empty for slot A1:1:s1_b72. Deriving dynamically from scene 1 + visual_notes: ''
WARNING: [Visual Concepts Derivation Fallback] visual_concepts is missing/empty for slot V1:1:s1_b72. Deriving dynamically from scene 1 + visual_notes: ''
WARNING: [Visual Concepts Derivation Fallback] visual_concepts is missing/empty for slot A1:1:s1_b73. Deriving dynamically from scene 1 + visual_notes: ''
WARNING: [Visual Concepts Derivation Fallback] visual_concepts is missing/empty for slot V1:1:s1_b73. Deriving dynamically from scene 1 + visual_notes: ''
WARNING: [Visual Concepts Derivation Fallback] visual_concepts is missing/empty for slot A1:1:s1_b74. Deriving dynamically from scene 1 + visual_notes: ''
WARNING: [Visual Concepts Derivation Fallback] visual_concepts is missing/empty for slot V1:1:s1_b74. Deriving dynamically from scene 1 + visual_notes: ''
WARNING: [Visual Concepts Derivation Fallback] visual_concepts is missing/empty for slot A1:1:s1_b75. Deriving dynamically from scene 1 + visual_notes: ''
WARNING: [Visual Concepts Derivation Fallback] visual_concepts is missing/empty for slot V1:1:s1_b75. Deriving dynamically from scene 1 + visual_notes: ''
WARNING: [Visual Concepts Derivation Fallback] visual_concepts is missing/empty for slot A1:1:s1_b76. Deriving dynamically from scene 1 + visual_notes: ''
WARNING: [Visual Concepts Derivation Fallback] visual_concepts is missing/empty for slot V1:1:s1_b76. Deriving dynamically from scene 1 + visual_notes: ''
WARNING: [Visual Concepts Derivation Fallback] visual_concepts is missing/empty for slot A1:1:s1_b77. Deriving dynamically from scene 1 + visual_notes: ''
WARNING: [Visual Concepts Derivation Fallback] visual_concepts is missing/empty for slot V1:1:s1_b77. Deriving dynamically from scene 1 + visual_notes: ''
WARNING: [Visual Concepts Derivation Fallback] visual_concepts is missing/empty for slot A1:1:s1_b78. Deriving dynamically from scene 1 + visual_notes: ''
WARNING: [Visual Concepts Derivation Fallback] visual_concepts is missing/empty for slot V1:1:s1_b78. Deriving dynamically from scene 1 + visual_notes: ''
WARNING: [Visual Concepts Derivation Fallback] visual_concepts is missing/empty for slot A1:1:s1_b79. Deriving dynamically from scene 1 + visual_notes: ''
WARNING: [Visual Concepts Derivation Fallback] visual_concepts is missing/empty for slot V1:1:s1_b79. Deriving dynamically from scene 1 + visual_notes: ''
WARNING: [Visual Concepts Derivation Fallback] visual_concepts is missing/empty for slot A1:1:s1_b80. Deriving dynamically from scene 1 + visual_notes: ''
WARNING: [Visual Concepts Derivation Fallback] visual_concepts is missing/empty for slot V1:1:s1_b80. Deriving dynamically from scene 1 + visual_notes: ''
WARNING: [Visual Concepts Derivation Fallback] visual_concepts is missing/empty for slot A1:1:s1_b81. Deriving dynamically from scene 1 + visual_notes: ''
WARNING: [Visual Concepts Derivation Fallback] visual_concepts is missing/empty for slot V1:1:s1_b81. Deriving dynamically from scene 1 + visual_notes: ''
WARNING: [Visual Concepts Derivation Fallback] visual_concepts is missing/empty for slot A1:1:s1_b82. Deriving dynamically from scene 1 + visual_notes: ''
WARNING: [Visual Concepts Derivation Fallback] visual_concepts is missing/empty for slot V1:1:s1_b82. Deriving dynamically from scene 1 + visual_notes: ''
WARNING: [Visual Concepts Derivation Fallback] visual_concepts is missing/empty for slot A1:1:s1_b83. Deriving dynamically from scene 1 + visual_notes: ''
WARNING: [Visual Concepts Derivation Fallback] visual_concepts is missing/empty for slot V1:1:s1_b83. Deriving dynamically from scene 1 + visual_notes: ''
WARNING: [Visual Concepts Derivation Fallback] visual_concepts is missing/empty for slot A1:1:s1_b84. Deriving dynamically from scene 1 + visual_notes: ''
WARNING: [Visual Concepts Derivation Fallback] visual_concepts is missing/empty for slot V1:1:s1_b84. Deriving dynamically from scene 1 + visual_notes: ''
WARNING: [Visual Concepts Derivation Fallback] visual_concepts is missing/empty for slot A1:1:s1_b85. Deriving dynamically from scene 1 + visual_notes: ''
WARNING: [Visual Concepts Derivation Fallback] visual_concepts is missing/empty for slot V1:1:s1_b85. Deriving dynamically from scene 1 + visual_notes: ''
WARNING: [Visual Concepts Derivation Fallback] visual_concepts is missing/empty for slot A1:1:s1_b86. Deriving dynamically from scene 1 + visual_notes: ''
WARNING: [Visual Concepts Derivation Fallback] visual_concepts is missing/empty for slot V1:1:s1_b86. Deriving dynamically from scene 1 + visual_notes: ''
WARNING: [Visual Concepts Derivation Fallback] visual_concepts is missing/empty for slot A1:1:s1_b87. Deriving dynamically from scene 1 + visual_notes: ''
WARNING: [Visual Concepts Derivation Fallback] visual_concepts is missing/empty for slot V1:1:s1_b87. Deriving dynamically from scene 1 + visual_notes: ''
WARNING: [Visual Concepts Derivation Fallback] visual_concepts is missing/empty for slot A1:1:s1_b88. Deriving dynamically from scene 1 + visual_notes: ''
WARNING: [Visual Concepts Derivation Fallback] visual_concepts is missing/empty for slot V1:1:s1_b88. Deriving dynamically from scene 1 + visual_notes: ''
WARNING: [Visual Concepts Derivation Fallback] visual_concepts is missing/empty for slot A1:1:s1_b89. Deriving dynamically from scene 1 + visual_notes: ''
WARNING: [Visual Concepts Derivation Fallback] visual_concepts is missing/empty for slot V1:1:s1_b89. Deriving dynamically from scene 1 + visual_notes: ''
WARNING: [Visual Concepts Derivation Fallback] visual_concepts is missing/empty for slot A1:1:s1_b90. Deriving dynamically from scene 1 + visual_notes: ''
WARNING: [Visual Concepts Derivation Fallback] visual_concepts is missing/empty for slot V1:1:s1_b90. Deriving dynamically from scene 1 + visual_notes: ''
WARNING: [Visual Concepts Derivation Fallback] visual_concepts is missing/empty for slot A1:1:s1_b91. Deriving dynamically from scene 1 + visual_notes: ''
WARNING: [Visual Concepts Derivation Fallback] visual_concepts is missing/empty for slot V1:1:s1_b91. Deriving dynamically from scene 1 + visual_notes: ''
WARNING: [Visual Concepts Derivation Fallback] visual_concepts is missing/empty for slot A1:1:s1_b92. Deriving dynamically from scene 1 + visual_notes: ''
WARNING: [Visual Concepts Derivation Fallback] visual_concepts is missing/empty for slot V1:1:s1_b92. Deriving dynamically from scene 1 + visual_notes: ''
WARNING: [Visual Concepts Derivation Fallback] visual_concepts is missing/empty for slot A1:1:s1_b93. Deriving dynamically from scene 1 + visual_notes: ''
WARNING: [Visual Concepts Derivation Fallback] visual_concepts is missing/empty for slot V1:1:s1_b93. Deriving dynamically from scene 1 + visual_notes: ''
WARNING: [Visual Concepts Derivation Fallback] visual_concepts is missing/empty for slot A1:1:s1_b94. Deriving dynamically from scene 1 + visual_notes: ''
WARNING: [Visual Concepts Derivation Fallback] visual_concepts is missing/empty for slot V1:1:s1_b94. Deriving dynamically from scene 1 + visual_notes: ''
WARNING: [Visual Concepts Derivation Fallback] visual_concepts is missing/empty for slot A1:1:s1_b95. Deriving dynamically from scene 1 + visual_notes: ''
WARNING: [Visual Concepts Derivation Fallback] visual_concepts is missing/empty for slot V1:1:s1_b95. Deriving dynamically from scene 1 + visual_notes: ''
WARNING: [Visual Concepts Derivation Fallback] visual_concepts is missing/empty for slot A1:1:s1_b96. Deriving dynamically from scene 1 + visual_notes: ''
WARNING: [Visual Concepts Derivation Fallback] visual_concepts is missing/empty for slot V1:1:s1_b96. Deriving dynamically from scene 1 + visual_notes: ''
WARNING: [Visual Concepts Derivation Fallback] visual_concepts is missing/empty for slot A1:1:s1_b97. Deriving dynamically from scene 1 + visual_notes: ''
WARNING: [Visual Concepts Derivation Fallback] visual_concepts is missing/empty for slot V1:1:s1_b97. Deriving dynamically from scene 1 + visual_notes: ''
WARNING: [Visual Concepts Derivation Fallback] visual_concepts is missing/empty for slot A1:1:s1_b98. Deriving dynamically from scene 1 + visual_notes: ''
WARNING: [Visual Concepts Derivation Fallback] visual_concepts is missing/empty for slot V1:1:s1_b98. Deriving dynamically from scene 1 + visual_notes: ''
WARNING: [Visual Concepts Derivation Fallback] visual_concepts is missing/empty for slot A1:1:s1_b99. Deriving dynamically from scene 1 + visual_notes: ''
WARNING: [Visual Concepts Derivation Fallback] visual_concepts is missing/empty for slot V1:1:s1_b99. Deriving dynamically from scene 1 + visual_notes: ''
WARNING: [Visual Concepts Derivation Fallback] visual_concepts is missing/empty for slot A1:1:s1_b100. Deriving dynamically from scene 1 + visual_notes: ''
WARNING: [Visual Concepts Derivation Fallback] visual_concepts is missing/empty for slot V1:1:s1_b100. Deriving dynamically from scene 1 + visual_notes: ''
WARNING: [Visual Concepts Derivation Fallback] visual_concepts is missing/empty for slot A1:1:s1_b1. Deriving dynamically from scene 1 + visual_notes: ''
WARNING: [Visual Concepts Derivation Fallback] visual_concepts is missing/empty for slot V1:1:s1_b1. Deriving dynamically from scene 1 + visual_notes: ''
WARNING: [Visual Concepts Derivation Fallback] visual_concepts is missing/empty for slot A1:1:s1_b2. Deriving dynamically from scene 1 + visual_notes: ''
WARNING: [Visual Concepts Derivation Fallback] visual_concepts is missing/empty for slot V1:1:s1_b2. Deriving dynamically from scene 1 + visual_notes: ''
WARNING: [Visual Concepts Derivation Fallback] visual_concepts is missing/empty for slot A1:1:s1_b3. Deriving dynamically from scene 1 + visual_notes: ''
WARNING: [Visual Concepts Derivation Fallback] visual_concepts is missing/empty for slot V1:1:s1_b3. Deriving dynamically from scene 1 + visual_notes: ''
WARNING: [Visual Concepts Derivation Fallback] visual_concepts is missing/empty for slot A1:1:s1_b4. Deriving dynamically from scene 1 + visual_notes: ''
WARNING: [Visual Concepts Derivation Fallback] visual_concepts is missing/empty for slot V1:1:s1_b4. Deriving dynamically from scene 1 + visual_notes: ''
WARNING: [Visual Concepts Derivation Fallback] visual_concepts is missing/empty for slot A1:1:s1_b5. Deriving dynamically from scene 1 + visual_notes: ''
WARNING: [Visual Concepts Derivation Fallback] visual_concepts is missing/empty for slot V1:1:s1_b5. Deriving dynamically from scene 1 + visual_notes: ''
WARNING: [Visual Concepts Derivation Fallback] visual_concepts is missing/empty for slot A1:1:s1_b6. Deriving dynamically from scene 1 + visual_notes: ''
WARNING: [Visual Concepts Derivation Fallback] visual_concepts is missing/empty for slot V1:1:s1_b6. Deriving dynamically from scene 1 + visual_notes: ''
WARNING: [Visual Concepts Derivation Fallback] visual_concepts is missing/empty for slot A1:1:s1_b7. Deriving dynamically from scene 1 + visual_notes: ''
WARNING: [Visual Concepts Derivation Fallback] visual_concepts is missing/empty for slot V1:1:s1_b7. Deriving dynamically from scene 1 + visual_notes: ''
WARNING: [Visual Concepts Derivation Fallback] visual_concepts is missing/empty for slot A1:1:s1_b8. Deriving dynamically from scene 1 + visual_notes: ''
WARNING: [Visual Concepts Derivation Fallback] visual_concepts is missing/empty for slot V1:1:s1_b8. Deriving dynamically from scene 1 + visual_notes: ''
WARNING: [Visual Concepts Derivation Fallback] visual_concepts is missing/empty for slot A1:1:s1_b9. Deriving dynamically from scene 1 + visual_notes: ''
WARNING: [Visual Concepts Derivation Fallback] visual_concepts is missing/empty for slot V1:1:s1_b9. Deriving dynamically from scene 1 + visual_notes: ''
WARNING: [Visual Concepts Derivation Fallback] visual_concepts is missing/empty for slot A1:1:s1_b10. Deriving dynamically from scene 1 + visual_notes: ''
WARNING: [Visual Concepts Derivation Fallback] visual_concepts is missing/empty for slot V1:1:s1_b10. Deriving dynamically from scene 1 + visual_notes: ''
WARNING: [Visual Concepts Derivation Fallback] visual_concepts is missing/empty for slot A1:1:s1_b11. Deriving dynamically from scene 1 + visual_notes: ''
WARNING: [Visual Concepts Derivation Fallback] visual_concepts is missing/empty for slot V1:1:s1_b11. Deriving dynamically from scene 1 + visual_notes: ''
WARNING: [Visual Concepts Derivation Fallback] visual_concepts is missing/empty for slot A1:1:s1_b12. Deriving dynamically from scene 1 + visual_notes: ''
WARNING: [Visual Concepts Derivation Fallback] visual_concepts is missing/empty for slot V1:1:s1_b12. Deriving dynamically from scene 1 + visual_notes: ''
WARNING: [Visual Concepts Derivation Fallback] visual_concepts is missing/empty for slot A1:1:s1_b13. Deriving dynamically from scene 1 + visual_notes: ''
WARNING: [Visual Concepts Derivation Fallback] visual_concepts is missing/empty for slot V1:1:s1_b13. Deriving dynamically from scene 1 + visual_notes: ''
WARNING: [Visual Concepts Derivation Fallback] visual_concepts is missing/empty for slot A1:1:s1_b14. Deriving dynamically from scene 1 + visual_notes: ''
WARNING: [Visual Concepts Derivation Fallback] visual_concepts is missing/empty for slot V1:1:s1_b14. Deriving dynamically from scene 1 + visual_notes: ''
WARNING: [Visual Concepts Derivation Fallback] visual_concepts is missing/empty for slot A1:1:s1_b15. Deriving dynamically from scene 1 + visual_notes: ''
WARNING: [Visual Concepts Derivation Fallback] visual_concepts is missing/empty for slot V1:1:s1_b15. Deriving dynamically from scene 1 + visual_notes: ''
WARNING: [Visual Concepts Derivation Fallback] visual_concepts is missing/empty for slot A1:1:s1_b16. Deriving dynamically from scene 1 + visual_notes: ''
WARNING: [Visual Concepts Derivation Fallback] visual_concepts is missing/empty for slot V1:1:s1_b16. Deriving dynamically from scene 1 + visual_notes: ''
WARNING: [Visual Concepts Derivation Fallback] visual_concepts is missing/empty for slot A1:1:s1_b17. Deriving dynamically from scene 1 + visual_notes: ''
WARNING: [Visual Concepts Derivation Fallback] visual_concepts is missing/empty for slot V1:1:s1_b17. Deriving dynamically from scene 1 + visual_notes: ''
WARNING: [Visual Concepts Derivation Fallback] visual_concepts is missing/empty for slot A1:1:s1_b18. Deriving dynamically from scene 1 + visual_notes: ''
WARNING: [Visual Concepts Derivation Fallback] visual_concepts is missing/empty for slot V1:1:s1_b18. Deriving dynamically from scene 1 + visual_notes: ''
WARNING: [Visual Concepts Derivation Fallback] visual_concepts is missing/empty for slot A1:1:s1_b19. Deriving dynamically from scene 1 + visual_notes: ''
WARNING: [Visual Concepts Derivation Fallback] visual_concepts is missing/empty for slot V1:1:s1_b19. Deriving dynamically from scene 1 + visual_notes: ''
WARNING: [Visual Concepts Derivation Fallback] visual_concepts is missing/empty for slot A1:1:s1_b20. Deriving dynamically from scene 1 + visual_notes: ''
WARNING: [Visual Concepts Derivation Fallback] visual_concepts is missing/empty for slot V1:1:s1_b20. Deriving dynamically from scene 1 + visual_notes: ''
WARNING: [Visual Concepts Derivation Fallback] visual_concepts is missing/empty for slot A1:1:s1_b21. Deriving dynamically from scene 1 + visual_notes: ''
WARNING: [Visual Concepts Derivation Fallback] visual_concepts is missing/empty for slot V1:1:s1_b21. Deriving dynamically from scene 1 + visual_notes: ''
WARNING: [Visual Concepts Derivation Fallback] visual_concepts is missing/empty for slot A1:1:s1_b22. Deriving dynamically from scene 1 + visual_notes: ''
WARNING: [Visual Concepts Derivation Fallback] visual_concepts is missing/empty for slot V1:1:s1_b22. Deriving dynamically from scene 1 + visual_notes: ''
WARNING: [Visual Concepts Derivation Fallback] visual_concepts is missing/empty for slot A1:1:s1_b23. Deriving dynamically from scene 1 + visual_notes: ''
WARNING: [Visual Concepts Derivation Fallback] visual_concepts is missing/empty for slot V1:1:s1_b23. Deriving dynamically from scene 1 + visual_notes: ''
WARNING: [Visual Concepts Derivation Fallback] visual_concepts is missing/empty for slot A1:1:s1_b24. Deriving dynamically from scene 1 + visual_notes: ''
WARNING: [Visual Concepts Derivation Fallback] visual_concepts is missing/empty for slot V1:1:s1_b24. Deriving dynamically from scene 1 + visual_notes: ''
WARNING: [Visual Concepts Derivation Fallback] visual_concepts is missing/empty for slot A1:1:s1_b25. Deriving dynamically from scene 1 + visual_notes: ''
WARNING: [Visual Concepts Derivation Fallback] visual_concepts is missing/empty for slot V1:1:s1_b25. Deriving dynamically from scene 1 + visual_notes: ''
WARNING: [Visual Concepts Derivation Fallback] visual_concepts is missing/empty for slot A1:1:s1_b26. Deriving dynamically from scene 1 + visual_notes: ''
WARNING: [Visual Concepts Derivation Fallback] visual_concepts is missing/empty for slot V1:1:s1_b26. Deriving dynamically from scene 1 + visual_notes: ''
WARNING: [Visual Concepts Derivation Fallback] visual_concepts is missing/empty for slot A1:1:s1_b27. Deriving dynamically from scene 1 + visual_notes: ''
WARNING: [Visual Concepts Derivation Fallback] visual_concepts is missing/empty for slot V1:1:s1_b27. Deriving dynamically from scene 1 + visual_notes: ''
WARNING: [Visual Concepts Derivation Fallback] visual_concepts is missing/empty for slot A1:1:s1_b28. Deriving dynamically from scene 1 + visual_notes: ''
WARNING: [Visual Concepts Derivation Fallback] visual_concepts is missing/empty for slot V1:1:s1_b28. Deriving dynamically from scene 1 + visual_notes: ''
WARNING: [Visual Concepts Derivation Fallback] visual_concepts is missing/empty for slot A1:1:s1_b29. Deriving dynamically from scene 1 + visual_notes: ''
WARNING: [Visual Concepts Derivation Fallback] visual_concepts is missing/empty for slot V1:1:s1_b29. Deriving dynamically from scene 1 + visual_notes: ''
WARNING: [Visual Concepts Derivation Fallback] visual_concepts is missing/empty for slot A1:1:s1_b30. Deriving dynamically from scene 1 + visual_notes: ''
WARNING: [Visual Concepts Derivation Fallback] visual_concepts is missing/empty for slot V1:1:s1_b30. Deriving dynamically from scene 1 + visual_notes: ''
WARNING: [Visual Concepts Derivation Fallback] visual_concepts is missing/empty for slot A1:1:s1_b31. Deriving dynamically from scene 1 + visual_notes: ''
WARNING: [Visual Concepts Derivation Fallback] visual_concepts is missing/empty for slot V1:1:s1_b31. Deriving dynamically from scene 1 + visual_notes: ''
WARNING: [Visual Concepts Derivation Fallback] visual_concepts is missing/empty for slot A1:1:s1_b32. Deriving dynamically from scene 1 + visual_notes: ''
WARNING: [Visual Concepts Derivation Fallback] visual_concepts is missing/empty for slot V1:1:s1_b32. Deriving dynamically from scene 1 + visual_notes: ''
WARNING: [Visual Concepts Derivation Fallback] visual_concepts is missing/empty for slot A1:1:s1_b33. Deriving dynamically from scene 1 + visual_notes: ''
WARNING: [Visual Concepts Derivation Fallback] visual_concepts is missing/empty for slot V1:1:s1_b33. Deriving dynamically from scene 1 + visual_notes: ''
WARNING: [Visual Concepts Derivation Fallback] visual_concepts is missing/empty for slot A1:1:s1_b34. Deriving dynamically from scene 1 + visual_notes: ''
WARNING: [Visual Concepts Derivation Fallback] visual_concepts is missing/empty for slot V1:1:s1_b34. Deriving dynamically from scene 1 + visual_notes: ''
WARNING: [Visual Concepts Derivation Fallback] visual_concepts is missing/empty for slot A1:1:s1_b35. Deriving dynamically from scene 1 + visual_notes: ''
WARNING: [Visual Concepts Derivation Fallback] visual_concepts is missing/empty for slot V1:1:s1_b35. Deriving dynamically from scene 1 + visual_notes: ''
WARNING: [Visual Concepts Derivation Fallback] visual_concepts is missing/empty for slot A1:1:s1_b36. Deriving dynamically from scene 1 + visual_notes: ''
WARNING: [Visual Concepts Derivation Fallback] visual_concepts is missing/empty for slot V1:1:s1_b36. Deriving dynamically from scene 1 + visual_notes: ''
WARNING: [Visual Concepts Derivation Fallback] visual_concepts is missing/empty for slot A1:1:s1_b37. Deriving dynamically from scene 1 + visual_notes: ''
WARNING: [Visual Concepts Derivation Fallback] visual_concepts is missing/empty for slot V1:1:s1_b37. Deriving dynamically from scene 1 + visual_notes: ''
WARNING: [Visual Concepts Derivation Fallback] visual_concepts is missing/empty for slot A1:1:s1_b38. Deriving dynamically from scene 1 + visual_notes: ''
WARNING: [Visual Concepts Derivation Fallback] visual_concepts is missing/empty for slot V1:1:s1_b38. Deriving dynamically from scene 1 + visual_notes: ''
WARNING: [Visual Concepts Derivation Fallback] visual_concepts is missing/empty for slot A1:1:s1_b39. Deriving dynamically from scene 1 + visual_notes: ''
WARNING: [Visual Concepts Derivation Fallback] visual_concepts is missing/empty for slot V1:1:s1_b39. Deriving dynamically from scene 1 + visual_notes: ''
WARNING: [Visual Concepts Derivation Fallback] visual_concepts is missing/empty for slot A1:1:s1_b40. Deriving dynamically from scene 1 + visual_notes: ''
WARNING: [Visual Concepts Derivation Fallback] visual_concepts is missing/empty for slot V1:1:s1_b40. Deriving dynamically from scene 1 + visual_notes: ''
WARNING: [Visual Concepts Derivation Fallback] visual_concepts is missing/empty for slot A1:1:s1_b41. Deriving dynamically from scene 1 + visual_notes: ''
WARNING: [Visual Concepts Derivation Fallback] visual_concepts is missing/empty for slot V1:1:s1_b41. Deriving dynamically from scene 1 + visual_notes: ''
WARNING: [Visual Concepts Derivation Fallback] visual_concepts is missing/empty for slot A1:1:s1_b42. Deriving dynamically from scene 1 + visual_notes: ''
WARNING: [Visual Concepts Derivation Fallback] visual_concepts is missing/empty for slot V1:1:s1_b42. Deriving dynamically from scene 1 + visual_notes: ''
WARNING: [Visual Concepts Derivation Fallback] visual_concepts is missing/empty for slot A1:1:s1_b43. Deriving dynamically from scene 1 + visual_notes: ''
WARNING: [Visual Concepts Derivation Fallback] visual_concepts is missing/empty for slot V1:1:s1_b43. Deriving dynamically from scene 1 + visual_notes: ''
WARNING: [Visual Concepts Derivation Fallback] visual_concepts is missing/empty for slot A1:1:s1_b44. Deriving dynamically from scene 1 + visual_notes: ''
WARNING: [Visual Concepts Derivation Fallback] visual_concepts is missing/empty for slot V1:1:s1_b44. Deriving dynamically from scene 1 + visual_notes: ''
WARNING: [Visual Concepts Derivation Fallback] visual_concepts is missing/empty for slot A1:1:s1_b45. Deriving dynamically from scene 1 + visual_notes: ''
WARNING: [Visual Concepts Derivation Fallback] visual_concepts is missing/empty for slot V1:1:s1_b45. Deriving dynamically from scene 1 + visual_notes: ''
WARNING: [Visual Concepts Derivation Fallback] visual_concepts is missing/empty for slot A1:1:s1_b46. Deriving dynamically from scene 1 + visual_notes: ''
WARNING: [Visual Concepts Derivation Fallback] visual_concepts is missing/empty for slot V1:1:s1_b46. Deriving dynamically from scene 1 + visual_notes: ''
WARNING: [Visual Concepts Derivation Fallback] visual_concepts is missing/empty for slot A1:1:s1_b47. Deriving dynamically from scene 1 + visual_notes: ''
WARNING: [Visual Concepts Derivation Fallback] visual_concepts is missing/empty for slot V1:1:s1_b47. Deriving dynamically from scene 1 + visual_notes: ''
WARNING: [Visual Concepts Derivation Fallback] visual_concepts is missing/empty for slot A1:1:s1_b48. Deriving dynamically from scene 1 + visual_notes: ''
WARNING: [Visual Concepts Derivation Fallback] visual_concepts is missing/empty for slot V1:1:s1_b48. Deriving dynamically from scene 1 + visual_notes: ''
WARNING: [Visual Concepts Derivation Fallback] visual_concepts is missing/empty for slot A1:1:s1_b49. Deriving dynamically from scene 1 + visual_notes: ''
WARNING: [Visual Concepts Derivation Fallback] visual_concepts is missing/empty for slot V1:1:s1_b49. Deriving dynamically from scene 1 + visual_notes: ''
WARNING: [Visual Concepts Derivation Fallback] visual_concepts is missing/empty for slot A1:1:s1_b50. Deriving dynamically from scene 1 + visual_notes: ''
WARNING: [Visual Concepts Derivation Fallback] visual_concepts is missing/empty for slot V1:1:s1_b50. Deriving dynamically from scene 1 + visual_notes: ''
WARNING: [Visual Concepts Derivation Fallback] visual_concepts is missing/empty for slot A1:1:s1_b51. Deriving dynamically from scene 1 + visual_notes: ''
WARNING: [Visual Concepts Derivation Fallback] visual_concepts is missing/empty for slot V1:1:s1_b51. Deriving dynamically from scene 1 + visual_notes: ''
WARNING: [Visual Concepts Derivation Fallback] visual_concepts is missing/empty for slot A1:1:s1_b52. Deriving dynamically from scene 1 + visual_notes: ''
WARNING: [Visual Concepts Derivation Fallback] visual_concepts is missing/empty for slot V1:1:s1_b52. Deriving dynamically from scene 1 + visual_notes: ''
WARNING: [Visual Concepts Derivation Fallback] visual_concepts is missing/empty for slot A1:1:s1_b53. Deriving dynamically from scene 1 + visual_notes: ''
WARNING: [Visual Concepts Derivation Fallback] visual_concepts is missing/empty for slot V1:1:s1_b53. Deriving dynamically from scene 1 + visual_notes: ''
WARNING: [Visual Concepts Derivation Fallback] visual_concepts is missing/empty for slot A1:1:s1_b54. Deriving dynamically from scene 1 + visual_notes: ''
WARNING: [Visual Concepts Derivation Fallback] visual_concepts is missing/empty for slot V1:1:s1_b54. Deriving dynamically from scene 1 + visual_notes: ''
WARNING: [Visual Concepts Derivation Fallback] visual_concepts is missing/empty for slot A1:1:s1_b55. Deriving dynamically from scene 1 + visual_notes: ''
WARNING: [Visual Concepts Derivation Fallback] visual_concepts is missing/empty for slot V1:1:s1_b55. Deriving dynamically from scene 1 + visual_notes: ''
WARNING: [Visual Concepts Derivation Fallback] visual_concepts is missing/empty for slot A1:1:s1_b56. Deriving dynamically from scene 1 + visual_notes: ''
WARNING: [Visual Concepts Derivation Fallback] visual_concepts is missing/empty for slot V1:1:s1_b56. Deriving dynamically from scene 1 + visual_notes: ''
WARNING: [Visual Concepts Derivation Fallback] visual_concepts is missing/empty for slot A1:1:s1_b57. Deriving dynamically from scene 1 + visual_notes: ''
WARNING: [Visual Concepts Derivation Fallback] visual_concepts is missing/empty for slot V1:1:s1_b57. Deriving dynamically from scene 1 + visual_notes: ''
WARNING: [Visual Concepts Derivation Fallback] visual_concepts is missing/empty for slot A1:1:s1_b58. Deriving dynamically from scene 1 + visual_notes: ''
WARNING: [Visual Concepts Derivation Fallback] visual_concepts is missing/empty for slot V1:1:s1_b58. Deriving dynamically from scene 1 + visual_notes: ''
WARNING: [Visual Concepts Derivation Fallback] visual_concepts is missing/empty for slot A1:1:s1_b59. Deriving dynamically from scene 1 + visual_notes: ''
WARNING: [Visual Concepts Derivation Fallback] visual_concepts is missing/empty for slot V1:1:s1_b59. Deriving dynamically from scene 1 + visual_notes: ''
WARNING: [Visual Concepts Derivation Fallback] visual_concepts is missing/empty for slot A1:1:s1_b60. Deriving dynamically from scene 1 + visual_notes: ''
WARNING: [Visual Concepts Derivation Fallback] visual_concepts is missing/empty for slot V1:1:s1_b60. Deriving dynamically from scene 1 + visual_notes: ''
WARNING: [Visual Concepts Derivation Fallback] visual_concepts is missing/empty for slot A1:1:s1_b61. Deriving dynamically from scene 1 + visual_notes: ''
WARNING: [Visual Concepts Derivation Fallback] visual_concepts is missing/empty for slot V1:1:s1_b61. Deriving dynamically from scene 1 + visual_notes: ''
WARNING: [Visual Concepts Derivation Fallback] visual_concepts is missing/empty for slot A1:1:s1_b62. Deriving dynamically from scene 1 + visual_notes: ''
WARNING: [Visual Concepts Derivation Fallback] visual_concepts is missing/empty for slot V1:1:s1_b62. Deriving dynamically from scene 1 + visual_notes: ''
WARNING: [Visual Concepts Derivation Fallback] visual_concepts is missing/empty for slot A1:1:s1_b63. Deriving dynamically from scene 1 + visual_notes: ''
WARNING: [Visual Concepts Derivation Fallback] visual_concepts is missing/empty for slot V1:1:s1_b63. Deriving dynamically from scene 1 + visual_notes: ''
WARNING: [Visual Concepts Derivation Fallback] visual_concepts is missing/empty for slot A1:1:s1_b64. Deriving dynamically from scene 1 + visual_notes: ''
WARNING: [Visual Concepts Derivation Fallback] visual_concepts is missing/empty for slot V1:1:s1_b64. Deriving dynamically from scene 1 + visual_notes: ''
WARNING: [Visual Concepts Derivation Fallback] visual_concepts is missing/empty for slot A1:1:s1_b65. Deriving dynamically from scene 1 + visual_notes: ''
WARNING: [Visual Concepts Derivation Fallback] visual_concepts is missing/empty for slot V1:1:s1_b65. Deriving dynamically from scene 1 + visual_notes: ''
WARNING: [Visual Concepts Derivation Fallback] visual_concepts is missing/empty for slot A1:1:s1_b66. Deriving dynamically from scene 1 + visual_notes: ''
WARNING: [Visual Concepts Derivation Fallback] visual_concepts is missing/empty for slot V1:1:s1_b66. Deriving dynamically from scene 1 + visual_notes: ''
WARNING: [Visual Concepts Derivation Fallback] visual_concepts is missing/empty for slot A1:1:s1_b67. Deriving dynamically from scene 1 + visual_notes: ''
WARNING: [Visual Concepts Derivation Fallback] visual_concepts is missing/empty for slot V1:1:s1_b67. Deriving dynamically from scene 1 + visual_notes: ''
WARNING: [Visual Concepts Derivation Fallback] visual_concepts is missing/empty for slot A1:1:s1_b68. Deriving dynamically from scene 1 + visual_notes: ''
WARNING: [Visual Concepts Derivation Fallback] visual_concepts is missing/empty for slot V1:1:s1_b68. Deriving dynamically from scene 1 + visual_notes: ''
WARNING: [Visual Concepts Derivation Fallback] visual_concepts is missing/empty for slot A1:1:s1_b69. Deriving dynamically from scene 1 + visual_notes: ''
WARNING: [Visual Concepts Derivation Fallback] visual_concepts is missing/empty for slot V1:1:s1_b69. Deriving dynamically from scene 1 + visual_notes: ''
WARNING: [Visual Concepts Derivation Fallback] visual_concepts is missing/empty for slot A1:1:s1_b70. Deriving dynamically from scene 1 + visual_notes: ''
WARNING: [Visual Concepts Derivation Fallback] visual_concepts is missing/empty for slot V1:1:s1_b70. Deriving dynamically from scene 1 + visual_notes: ''
WARNING: [Visual Concepts Derivation Fallback] visual_concepts is missing/empty for slot A1:1:s1_b71. Deriving dynamically from scene 1 + visual_notes: ''
WARNING: [Visual Concepts Derivation Fallback] visual_concepts is missing/empty for slot V1:1:s1_b71. Deriving dynamically from scene 1 + visual_notes: ''
WARNING: [Visual Concepts Derivation Fallback] visual_concepts is missing/empty for slot A1:1:s1_b72. Deriving dynamically from scene 1 + visual_notes: ''
WARNING: [Visual Concepts Derivation Fallback] visual_concepts is missing/empty for slot V1:1:s1_b72. Deriving dynamically from scene 1 + visual_notes: ''
WARNING: [Visual Concepts Derivation Fallback] visual_concepts is missing/empty for slot A1:1:s1_b73. Deriving dynamically from scene 1 + visual_notes: ''
WARNING: [Visual Concepts Derivation Fallback] visual_concepts is missing/empty for slot V1:1:s1_b73. Deriving dynamically from scene 1 + visual_notes: ''
WARNING: [Visual Concepts Derivation Fallback] visual_concepts is missing/empty for slot A1:1:s1_b74. Deriving dynamically from scene 1 + visual_notes: ''
WARNING: [Visual Concepts Derivation Fallback] visual_concepts is missing/empty for slot V1:1:s1_b74. Deriving dynamically from scene 1 + visual_notes: ''
WARNING: [Visual Concepts Derivation Fallback] visual_concepts is missing/empty for slot A1:1:s1_b75. Deriving dynamically from scene 1 + visual_notes: ''
WARNING: [Visual Concepts Derivation Fallback] visual_concepts is missing/empty for slot V1:1:s1_b75. Deriving dynamically from scene 1 + visual_notes: ''
WARNING: [Visual Concepts Derivation Fallback] visual_concepts is missing/empty for slot A1:1:s1_b76. Deriving dynamically from scene 1 + visual_notes: ''
WARNING: [Visual Concepts Derivation Fallback] visual_concepts is missing/empty for slot V1:1:s1_b76. Deriving dynamically from scene 1 + visual_notes: ''
WARNING: [Visual Concepts Derivation Fallback] visual_concepts is missing/empty for slot A1:1:s1_b77. Deriving dynamically from scene 1 + visual_notes: ''
WARNING: [Visual Concepts Derivation Fallback] visual_concepts is missing/empty for slot V1:1:s1_b77. Deriving dynamically from scene 1 + visual_notes: ''
WARNING: [Visual Concepts Derivation Fallback] visual_concepts is missing/empty for slot A1:1:s1_b78. Deriving dynamically from scene 1 + visual_notes: ''
WARNING: [Visual Concepts Derivation Fallback] visual_concepts is missing/empty for slot V1:1:s1_b78. Deriving dynamically from scene 1 + visual_notes: ''
WARNING: [Visual Concepts Derivation Fallback] visual_concepts is missing/empty for slot A1:1:s1_b79. Deriving dynamically from scene 1 + visual_notes: ''
WARNING: [Visual Concepts Derivation Fallback] visual_concepts is missing/empty for slot V1:1:s1_b79. Deriving dynamically from scene 1 + visual_notes: ''
WARNING: [Visual Concepts Derivation Fallback] visual_concepts is missing/empty for slot A1:1:s1_b80. Deriving dynamically from scene 1 + visual_notes: ''
WARNING: [Visual Concepts Derivation Fallback] visual_concepts is missing/empty for slot V1:1:s1_b80. Deriving dynamically from scene 1 + visual_notes: ''
WARNING: [Visual Concepts Derivation Fallback] visual_concepts is missing/empty for slot A1:1:s1_b81. Deriving dynamically from scene 1 + visual_notes: ''
WARNING: [Visual Concepts Derivation Fallback] visual_concepts is missing/empty for slot V1:1:s1_b81. Deriving dynamically from scene 1 + visual_notes: ''
WARNING: [Visual Concepts Derivation Fallback] visual_concepts is missing/empty for slot A1:1:s1_b82. Deriving dynamically from scene 1 + visual_notes: ''
WARNING: [Visual Concepts Derivation Fallback] visual_concepts is missing/empty for slot V1:1:s1_b82. Deriving dynamically from scene 1 + visual_notes: ''
WARNING: [Visual Concepts Derivation Fallback] visual_concepts is missing/empty for slot A1:1:s1_b83. Deriving dynamically from scene 1 + visual_notes: ''
WARNING: [Visual Concepts Derivation Fallback] visual_concepts is missing/empty for slot V1:1:s1_b83. Deriving dynamically from scene 1 + visual_notes: ''
WARNING: [Visual Concepts Derivation Fallback] visual_concepts is missing/empty for slot A1:1:s1_b84. Deriving dynamically from scene 1 + visual_notes: ''
WARNING: [Visual Concepts Derivation Fallback] visual_concepts is missing/empty for slot V1:1:s1_b84. Deriving dynamically from scene 1 + visual_notes: ''
WARNING: [Visual Concepts Derivation Fallback] visual_concepts is missing/empty for slot A1:1:s1_b85. Deriving dynamically from scene 1 + visual_notes: ''
WARNING: [Visual Concepts Derivation Fallback] visual_concepts is missing/empty for slot V1:1:s1_b85. Deriving dynamically from scene 1 + visual_notes: ''
WARNING: [Visual Concepts Derivation Fallback] visual_concepts is missing/empty for slot A1:1:s1_b86. Deriving dynamically from scene 1 + visual_notes: ''
WARNING: [Visual Concepts Derivation Fallback] visual_concepts is missing/empty for slot V1:1:s1_b86. Deriving dynamically from scene 1 + visual_notes: ''
WARNING: [Visual Concepts Derivation Fallback] visual_concepts is missing/empty for slot A1:1:s1_b87. Deriving dynamically from scene 1 + visual_notes: ''
WARNING: [Visual Concepts Derivation Fallback] visual_concepts is missing/empty for slot V1:1:s1_b87. Deriving dynamically from scene 1 + visual_notes: ''
WARNING: [Visual Concepts Derivation Fallback] visual_concepts is missing/empty for slot A1:1:s1_b88. Deriving dynamically from scene 1 + visual_notes: ''
WARNING: [Visual Concepts Derivation Fallback] visual_concepts is missing/empty for slot V1:1:s1_b88. Deriving dynamically from scene 1 + visual_notes: ''
WARNING: [Visual Concepts Derivation Fallback] visual_concepts is missing/empty for slot A1:1:s1_b89. Deriving dynamically from scene 1 + visual_notes: ''
WARNING: [Visual Concepts Derivation Fallback] visual_concepts is missing/empty for slot V1:1:s1_b89. Deriving dynamically from scene 1 + visual_notes: ''
WARNING: [Visual Concepts Derivation Fallback] visual_concepts is missing/empty for slot A1:1:s1_b90. Deriving dynamically from scene 1 + visual_notes: ''
WARNING: [Visual Concepts Derivation Fallback] visual_concepts is missing/empty for slot V1:1:s1_b90. Deriving dynamically from scene 1 + visual_notes: ''
WARNING: [Visual Concepts Derivation Fallback] visual_concepts is missing/empty for slot A1:1:s1_b91. Deriving dynamically from scene 1 + visual_notes: ''
WARNING: [Visual Concepts Derivation Fallback] visual_concepts is missing/empty for slot V1:1:s1_b91. Deriving dynamically from scene 1 + visual_notes: ''
WARNING: [Visual Concepts Derivation Fallback] visual_concepts is missing/empty for slot A1:1:s1_b92. Deriving dynamically from scene 1 + visual_notes: ''
WARNING: [Visual Concepts Derivation Fallback] visual_concepts is missing/empty for slot V1:1:s1_b92. Deriving dynamically from scene 1 + visual_notes: ''
WARNING: [Visual Concepts Derivation Fallback] visual_concepts is missing/empty for slot A1:1:s1_b93. Deriving dynamically from scene 1 + visual_notes: ''
WARNING: [Visual Concepts Derivation Fallback] visual_concepts is missing/empty for slot V1:1:s1_b93. Deriving dynamically from scene 1 + visual_notes: ''
WARNING: [Visual Concepts Derivation Fallback] visual_concepts is missing/empty for slot A1:1:s1_b94. Deriving dynamically from scene 1 + visual_notes: ''
WARNING: [Visual Concepts Derivation Fallback] visual_concepts is missing/empty for slot V1:1:s1_b94. Deriving dynamically from scene 1 + visual_notes: ''
WARNING: [Visual Concepts Derivation Fallback] visual_concepts is missing/empty for slot A1:1:s1_b95. Deriving dynamically from scene 1 + visual_notes: ''
WARNING: [Visual Concepts Derivation Fallback] visual_concepts is missing/empty for slot V1:1:s1_b95. Deriving dynamically from scene 1 + visual_notes: ''
WARNING: [Visual Concepts Derivation Fallback] visual_concepts is missing/empty for slot A1:1:s1_b96. Deriving dynamically from scene 1 + visual_notes: ''
WARNING: [Visual Concepts Derivation Fallback] visual_concepts is missing/empty for slot V1:1:s1_b96. Deriving dynamically from scene 1 + visual_notes: ''
WARNING: [Visual Concepts Derivation Fallback] visual_concepts is missing/empty for slot A1:1:s1_b97. Deriving dynamically from scene 1 + visual_notes: ''
WARNING: [Visual Concepts Derivation Fallback] visual_concepts is missing/empty for slot V1:1:s1_b97. Deriving dynamically from scene 1 + visual_notes: ''
WARNING: [Visual Concepts Derivation Fallback] visual_concepts is missing/empty for slot A1:1:s1_b98. Deriving dynamically from scene 1 + visual_notes: ''
WARNING: [Visual Concepts Derivation Fallback] visual_concepts is missing/empty for slot V1:1:s1_b98. Deriving dynamically from scene 1 + visual_notes: ''
WARNING: [Visual Concepts Derivation Fallback] visual_concepts is missing/empty for slot A1:1:s1_b99. Deriving dynamically from scene 1 + visual_notes: ''
WARNING: [Visual Concepts Derivation Fallback] visual_concepts is missing/empty for slot V1:1:s1_b99. Deriving dynamically from scene 1 + visual_notes: ''
WARNING: [Visual Concepts Derivation Fallback] visual_concepts is missing/empty for slot A1:1:s1_b100. Deriving dynamically from scene 1 + visual_notes: ''
WARNING: [Visual Concepts Derivation Fallback] visual_concepts is missing/empty for slot V1:1:s1_b100. Deriving dynamically from scene 1 + visual_notes: ''
WARNING: [Visual Concepts Derivation Fallback] visual_concepts is missing/empty for slot A1:1:s1_b1. Deriving dynamically from scene 1 + visual_notes: ''
WARNING: [Visual Concepts Derivation Fallback] visual_concepts is missing/empty for slot V1:1:s1_b1. Deriving dynamically from scene 1 + visual_notes: ''
WARNING: [Visual Concepts Derivation Fallback] visual_concepts is missing/empty for slot A1:1:s1_b2. Deriving dynamically from scene 1 + visual_notes: ''
WARNING: [Visual Concepts Derivation Fallback] visual_concepts is missing/empty for slot V1:1:s1_b2. Deriving dynamically from scene 1 + visual_notes: ''
WARNING: [Visual Concepts Derivation Fallback] visual_concepts is missing/empty for slot A1:1:s1_b3. Deriving dynamically from scene 1 + visual_notes: ''
WARNING: [Visual Concepts Derivation Fallback] visual_concepts is missing/empty for slot V1:1:s1_b3. Deriving dynamically from scene 1 + visual_notes: ''
WARNING: [Visual Concepts Derivation Fallback] visual_concepts is missing/empty for slot A1:1:s1_b4. Deriving dynamically from scene 1 + visual_notes: ''
WARNING: [Visual Concepts Derivation Fallback] visual_concepts is missing/empty for slot V1:1:s1_b4. Deriving dynamically from scene 1 + visual_notes: ''
WARNING: [Visual Concepts Derivation Fallback] visual_concepts is missing/empty for slot A1:1:s1_b5. Deriving dynamically from scene 1 + visual_notes: ''
WARNING: [Visual Concepts Derivation Fallback] visual_concepts is missing/empty for slot V1:1:s1_b5. Deriving dynamically from scene 1 + visual_notes: ''
WARNING: [Visual Concepts Derivation Fallback] visual_concepts is missing/empty for slot A1:1:s1_b6. Deriving dynamically from scene 1 + visual_notes: ''
WARNING: [Visual Concepts Derivation Fallback] visual_concepts is missing/empty for slot V1:1:s1_b6. Deriving dynamically from scene 1 + visual_notes: ''
WARNING: [Visual Concepts Derivation Fallback] visual_concepts is missing/empty for slot A1:1:s1_b7. Deriving dynamically from scene 1 + visual_notes: ''
WARNING: [Visual Concepts Derivation Fallback] visual_concepts is missing/empty for slot V1:1:s1_b7. Deriving dynamically from scene 1 + visual_notes: ''
WARNING: [Visual Concepts Derivation Fallback] visual_concepts is missing/empty for slot A1:1:s1_b8. Deriving dynamically from scene 1 + visual_notes: ''
WARNING: [Visual Concepts Derivation Fallback] visual_concepts is missing/empty for slot V1:1:s1_b8. Deriving dynamically from scene 1 + visual_notes: ''
WARNING: [Visual Concepts Derivation Fallback] visual_concepts is missing/empty for slot A1:1:s1_b9. Deriving dynamically from scene 1 + visual_notes: ''
WARNING: [Visual Concepts Derivation Fallback] visual_concepts is missing/empty for slot V1:1:s1_b9. Deriving dynamically from scene 1 + visual_notes: ''
WARNING: [Visual Concepts Derivation Fallback] visual_concepts is missing/empty for slot A1:1:s1_b10. Deriving dynamically from scene 1 + visual_notes: ''
WARNING: [Visual Concepts Derivation Fallback] visual_concepts is missing/empty for slot V1:1:s1_b10. Deriving dynamically from scene 1 + visual_notes: ''
WARNING: [Visual Concepts Derivation Fallback] visual_concepts is missing/empty for slot A1:1:s1_b11. Deriving dynamically from scene 1 + visual_notes: ''
WARNING: [Visual Concepts Derivation Fallback] visual_concepts is missing/empty for slot V1:1:s1_b11. Deriving dynamically from scene 1 + visual_notes: ''
WARNING: [Visual Concepts Derivation Fallback] visual_concepts is missing/empty for slot A1:1:s1_b12. Deriving dynamically from scene 1 + visual_notes: ''
WARNING: [Visual Concepts Derivation Fallback] visual_concepts is missing/empty for slot V1:1:s1_b12. Deriving dynamically from scene 1 + visual_notes: ''
WARNING: [Visual Concepts Derivation Fallback] visual_concepts is missing/empty for slot A1:1:s1_b13. Deriving dynamically from scene 1 + visual_notes: ''
WARNING: [Visual Concepts Derivation Fallback] visual_concepts is missing/empty for slot V1:1:s1_b13. Deriving dynamically from scene 1 + visual_notes: ''
WARNING: [Visual Concepts Derivation Fallback] visual_concepts is missing/empty for slot A1:1:s1_b14. Deriving dynamically from scene 1 + visual_notes: ''
WARNING: [Visual Concepts Derivation Fallback] visual_concepts is missing/empty for slot V1:1:s1_b14. Deriving dynamically from scene 1 + visual_notes: ''
WARNING: [Visual Concepts Derivation Fallback] visual_concepts is missing/empty for slot A1:1:s1_b15. Deriving dynamically from scene 1 + visual_notes: ''
WARNING: [Visual Concepts Derivation Fallback] visual_concepts is missing/empty for slot V1:1:s1_b15. Deriving dynamically from scene 1 + visual_notes: ''
WARNING: [Visual Concepts Derivation Fallback] visual_concepts is missing/empty for slot A1:1:s1_b16. Deriving dynamically from scene 1 + visual_notes: ''
WARNING: [Visual Concepts Derivation Fallback] visual_concepts is missing/empty for slot V1:1:s1_b16. Deriving dynamically from scene 1 + visual_notes: ''
WARNING: [Visual Concepts Derivation Fallback] visual_concepts is missing/empty for slot A1:1:s1_b17. Deriving dynamically from scene 1 + visual_notes: ''
WARNING: [Visual Concepts Derivation Fallback] visual_concepts is missing/empty for slot V1:1:s1_b17. Deriving dynamically from scene 1 + visual_notes: ''
WARNING: [Visual Concepts Derivation Fallback] visual_concepts is missing/empty for slot A1:1:s1_b18. Deriving dynamically from scene 1 + visual_notes: ''
WARNING: [Visual Concepts Derivation Fallback] visual_concepts is missing/empty for slot V1:1:s1_b18. Deriving dynamically from scene 1 + visual_notes: ''
WARNING: [Visual Concepts Derivation Fallback] visual_concepts is missing/empty for slot A1:1:s1_b19. Deriving dynamically from scene 1 + visual_notes: ''
WARNING: [Visual Concepts Derivation Fallback] visual_concepts is missing/empty for slot V1:1:s1_b19. Deriving dynamically from scene 1 + visual_notes: ''
WARNING: [Visual Concepts Derivation Fallback] visual_concepts is missing/empty for slot A1:1:s1_b20. Deriving dynamically from scene 1 + visual_notes: ''
WARNING: [Visual Concepts Derivation Fallback] visual_concepts is missing/empty for slot V1:1:s1_b20. Deriving dynamically from scene 1 + visual_notes: ''
WARNING: [Visual Concepts Derivation Fallback] visual_concepts is missing/empty for slot A1:1:s1_b21. Deriving dynamically from scene 1 + visual_notes: ''
WARNING: [Visual Concepts Derivation Fallback] visual_concepts is missing/empty for slot V1:1:s1_b21. Deriving dynamically from scene 1 + visual_notes: ''
WARNING: [Visual Concepts Derivation Fallback] visual_concepts is missing/empty for slot A1:1:s1_b22. Deriving dynamically from scene 1 + visual_notes: ''
WARNING: [Visual Concepts Derivation Fallback] visual_concepts is missing/empty for slot V1:1:s1_b22. Deriving dynamically from scene 1 + visual_notes: ''
WARNING: [Visual Concepts Derivation Fallback] visual_concepts is missing/empty for slot A1:1:s1_b23. Deriving dynamically from scene 1 + visual_notes: ''
WARNING: [Visual Concepts Derivation Fallback] visual_concepts is missing/empty for slot V1:1:s1_b23. Deriving dynamically from scene 1 + visual_notes: ''
WARNING: [Visual Concepts Derivation Fallback] visual_concepts is missing/empty for slot A1:1:s1_b24. Deriving dynamically from scene 1 + visual_notes: ''
WARNING: [Visual Concepts Derivation Fallback] visual_concepts is missing/empty for slot V1:1:s1_b24. Deriving dynamically from scene 1 + visual_notes: ''
WARNING: [Visual Concepts Derivation Fallback] visual_concepts is missing/empty for slot A1:1:s1_b25. Deriving dynamically from scene 1 + visual_notes: ''
WARNING: [Visual Concepts Derivation Fallback] visual_concepts is missing/empty for slot V1:1:s1_b25. Deriving dynamically from scene 1 + visual_notes: ''
WARNING: [Visual Concepts Derivation Fallback] visual_concepts is missing/empty for slot A1:1:s1_b26. Deriving dynamically from scene 1 + visual_notes: ''
WARNING: [Visual Concepts Derivation Fallback] visual_concepts is missing/empty for slot V1:1:s1_b26. Deriving dynamically from scene 1 + visual_notes: ''
WARNING: [Visual Concepts Derivation Fallback] visual_concepts is missing/empty for slot A1:1:s1_b27. Deriving dynamically from scene 1 + visual_notes: ''
WARNING: [Visual Concepts Derivation Fallback] visual_concepts is missing/empty for slot V1:1:s1_b27. Deriving dynamically from scene 1 + visual_notes: ''
WARNING: [Visual Concepts Derivation Fallback] visual_concepts is missing/empty for slot A1:1:s1_b28. Deriving dynamically from scene 1 + visual_notes: ''
WARNING: [Visual Concepts Derivation Fallback] visual_concepts is missing/empty for slot V1:1:s1_b28. Deriving dynamically from scene 1 + visual_notes: ''
WARNING: [Visual Concepts Derivation Fallback] visual_concepts is missing/empty for slot A1:1:s1_b29. Deriving dynamically from scene 1 + visual_notes: ''
WARNING: [Visual Concepts Derivation Fallback] visual_concepts is missing/empty for slot V1:1:s1_b29. Deriving dynamically from scene 1 + visual_notes: ''
WARNING: [Visual Concepts Derivation Fallback] visual_concepts is missing/empty for slot A1:1:s1_b30. Deriving dynamically from scene 1 + visual_notes: ''
WARNING: [Visual Concepts Derivation Fallback] visual_concepts is missing/empty for slot V1:1:s1_b30. Deriving dynamically from scene 1 + visual_notes: ''
WARNING: [Visual Concepts Derivation Fallback] visual_concepts is missing/empty for slot A1:1:s1_b31. Deriving dynamically from scene 1 + visual_notes: ''
WARNING: [Visual Concepts Derivation Fallback] visual_concepts is missing/empty for slot V1:1:s1_b31. Deriving dynamically from scene 1 + visual_notes: ''
WARNING: [Visual Concepts Derivation Fallback] visual_concepts is missing/empty for slot A1:1:s1_b32. Deriving dynamically from scene 1 + visual_notes: ''
WARNING: [Visual Concepts Derivation Fallback] visual_concepts is missing/empty for slot V1:1:s1_b32. Deriving dynamically from scene 1 + visual_notes: ''
WARNING: [Visual Concepts Derivation Fallback] visual_concepts is missing/empty for slot A1:1:s1_b33. Deriving dynamically from scene 1 + visual_notes: ''
WARNING: [Visual Concepts Derivation Fallback] visual_concepts is missing/empty for slot V1:1:s1_b33. Deriving dynamically from scene 1 + visual_notes: ''
WARNING: [Visual Concepts Derivation Fallback] visual_concepts is missing/empty for slot A1:1:s1_b34. Deriving dynamically from scene 1 + visual_notes: ''
WARNING: [Visual Concepts Derivation Fallback] visual_concepts is missing/empty for slot V1:1:s1_b34. Deriving dynamically from scene 1 + visual_notes: ''
WARNING: [Visual Concepts Derivation Fallback] visual_concepts is missing/empty for slot A1:1:s1_b35. Deriving dynamically from scene 1 + visual_notes: ''
WARNING: [Visual Concepts Derivation Fallback] visual_concepts is missing/empty for slot V1:1:s1_b35. Deriving dynamically from scene 1 + visual_notes: ''
WARNING: [Visual Concepts Derivation Fallback] visual_concepts is missing/empty for slot A1:1:s1_b36. Deriving dynamically from scene 1 + visual_notes: ''
WARNING: [Visual Concepts Derivation Fallback] visual_concepts is missing/empty for slot V1:1:s1_b36. Deriving dynamically from scene 1 + visual_notes: ''
WARNING: [Visual Concepts Derivation Fallback] visual_concepts is missing/empty for slot A1:1:s1_b37. Deriving dynamically from scene 1 + visual_notes: ''
WARNING: [Visual Concepts Derivation Fallback] visual_concepts is missing/empty for slot V1:1:s1_b37. Deriving dynamically from scene 1 + visual_notes: ''
WARNING: [Visual Concepts Derivation Fallback] visual_concepts is missing/empty for slot A1:1:s1_b38. Deriving dynamically from scene 1 + visual_notes: ''
WARNING: [Visual Concepts Derivation Fallback] visual_concepts is missing/empty for slot V1:1:s1_b38. Deriving dynamically from scene 1 + visual_notes: ''
WARNING: [Visual Concepts Derivation Fallback] visual_concepts is missing/empty for slot A1:1:s1_b39. Deriving dynamically from scene 1 + visual_notes: ''
WARNING: [Visual Concepts Derivation Fallback] visual_concepts is missing/empty for slot V1:1:s1_b39. Deriving dynamically from scene 1 + visual_notes: ''
WARNING: [Visual Concepts Derivation Fallback] visual_concepts is missing/empty for slot A1:1:s1_b40. Deriving dynamically from scene 1 + visual_notes: ''
WARNING: [Visual Concepts Derivation Fallback] visual_concepts is missing/empty for slot V1:1:s1_b40. Deriving dynamically from scene 1 + visual_notes: ''
WARNING: [Visual Concepts Derivation Fallback] visual_concepts is missing/empty for slot A1:1:s1_b41. Deriving dynamically from scene 1 + visual_notes: ''
WARNING: [Visual Concepts Derivation Fallback] visual_concepts is missing/empty for slot V1:1:s1_b41. Deriving dynamically from scene 1 + visual_notes: ''
WARNING: [Visual Concepts Derivation Fallback] visual_concepts is missing/empty for slot A1:1:s1_b42. Deriving dynamically from scene 1 + visual_notes: ''
WARNING: [Visual Concepts Derivation Fallback] visual_concepts is missing/empty for slot V1:1:s1_b42. Deriving dynamically from scene 1 + visual_notes: ''
WARNING: [Visual Concepts Derivation Fallback] visual_concepts is missing/empty for slot A1:1:s1_b43. Deriving dynamically from scene 1 + visual_notes: ''
WARNING: [Visual Concepts Derivation Fallback] visual_concepts is missing/empty for slot V1:1:s1_b43. Deriving dynamically from scene 1 + visual_notes: ''
WARNING: [Visual Concepts Derivation Fallback] visual_concepts is missing/empty for slot A1:1:s1_b44. Deriving dynamically from scene 1 + visual_notes: ''
WARNING: [Visual Concepts Derivation Fallback] visual_concepts is missing/empty for slot V1:1:s1_b44. Deriving dynamically from scene 1 + visual_notes: ''
WARNING: [Visual Concepts Derivation Fallback] visual_concepts is missing/empty for slot A1:1:s1_b45. Deriving dynamically from scene 1 + visual_notes: ''
WARNING: [Visual Concepts Derivation Fallback] visual_concepts is missing/empty for slot V1:1:s1_b45. Deriving dynamically from scene 1 + visual_notes: ''
WARNING: [Visual Concepts Derivation Fallback] visual_concepts is missing/empty for slot A1:1:s1_b46. Deriving dynamically from scene 1 + visual_notes: ''
WARNING: [Visual Concepts Derivation Fallback] visual_concepts is missing/empty for slot V1:1:s1_b46. Deriving dynamically from scene 1 + visual_notes: ''
WARNING: [Visual Concepts Derivation Fallback] visual_concepts is missing/empty for slot A1:1:s1_b47. Deriving dynamically from scene 1 + visual_notes: ''
WARNING: [Visual Concepts Derivation Fallback] visual_concepts is missing/empty for slot V1:1:s1_b47. Deriving dynamically from scene 1 + visual_notes: ''
WARNING: [Visual Concepts Derivation Fallback] visual_concepts is missing/empty for slot A1:1:s1_b48. Deriving dynamically from scene 1 + visual_notes: ''
WARNING: [Visual Concepts Derivation Fallback] visual_concepts is missing/empty for slot V1:1:s1_b48. Deriving dynamically from scene 1 + visual_notes: ''
WARNING: [Visual Concepts Derivation Fallback] visual_concepts is missing/empty for slot A1:1:s1_b49. Deriving dynamically from scene 1 + visual_notes: ''
WARNING: [Visual Concepts Derivation Fallback] visual_concepts is missing/empty for slot V1:1:s1_b49. Deriving dynamically from scene 1 + visual_notes: ''
WARNING: [Visual Concepts Derivation Fallback] visual_concepts is missing/empty for slot A1:1:s1_b50. Deriving dynamically from scene 1 + visual_notes: ''
WARNING: [Visual Concepts Derivation Fallback] visual_concepts is missing/empty for slot V1:1:s1_b50. Deriving dynamically from scene 1 + visual_notes: ''
WARNING: [Visual Concepts Derivation Fallback] visual_concepts is missing/empty for slot A1:1:s1_b51. Deriving dynamically from scene 1 + visual_notes: ''
WARNING: [Visual Concepts Derivation Fallback] visual_concepts is missing/empty for slot V1:1:s1_b51. Deriving dynamically from scene 1 + visual_notes: ''
WARNING: [Visual Concepts Derivation Fallback] visual_concepts is missing/empty for slot A1:1:s1_b52. Deriving dynamically from scene 1 + visual_notes: ''
WARNING: [Visual Concepts Derivation Fallback] visual_concepts is missing/empty for slot V1:1:s1_b52. Deriving dynamically from scene 1 + visual_notes: ''
WARNING: [Visual Concepts Derivation Fallback] visual_concepts is missing/empty for slot A1:1:s1_b53. Deriving dynamically from scene 1 + visual_notes: ''
WARNING: [Visual Concepts Derivation Fallback] visual_concepts is missing/empty for slot V1:1:s1_b53. Deriving dynamically from scene 1 + visual_notes: ''
WARNING: [Visual Concepts Derivation Fallback] visual_concepts is missing/empty for slot A1:1:s1_b54. Deriving dynamically from scene 1 + visual_notes: ''
WARNING: [Visual Concepts Derivation Fallback] visual_concepts is missing/empty for slot V1:1:s1_b54. Deriving dynamically from scene 1 + visual_notes: ''
WARNING: [Visual Concepts Derivation Fallback] visual_concepts is missing/empty for slot A1:1:s1_b55. Deriving dynamically from scene 1 + visual_notes: ''
WARNING: [Visual Concepts Derivation Fallback] visual_concepts is missing/empty for slot V1:1:s1_b55. Deriving dynamically from scene 1 + visual_notes: ''
WARNING: [Visual Concepts Derivation Fallback] visual_concepts is missing/empty for slot A1:1:s1_b56. Deriving dynamically from scene 1 + visual_notes: ''
WARNING: [Visual Concepts Derivation Fallback] visual_concepts is missing/empty for slot V1:1:s1_b56. Deriving dynamically from scene 1 + visual_notes: ''
WARNING: [Visual Concepts Derivation Fallback] visual_concepts is missing/empty for slot A1:1:s1_b57. Deriving dynamically from scene 1 + visual_notes: ''
WARNING: [Visual Concepts Derivation Fallback] visual_concepts is missing/empty for slot V1:1:s1_b57. Deriving dynamically from scene 1 + visual_notes: ''
WARNING: [Visual Concepts Derivation Fallback] visual_concepts is missing/empty for slot A1:1:s1_b58. Deriving dynamically from scene 1 + visual_notes: ''
WARNING: [Visual Concepts Derivation Fallback] visual_concepts is missing/empty for slot V1:1:s1_b58. Deriving dynamically from scene 1 + visual_notes: ''
WARNING: [Visual Concepts Derivation Fallback] visual_concepts is missing/empty for slot A1:1:s1_b59. Deriving dynamically from scene 1 + visual_notes: ''
WARNING: [Visual Concepts Derivation Fallback] visual_concepts is missing/empty for slot V1:1:s1_b59. Deriving dynamically from scene 1 + visual_notes: ''
WARNING: [Visual Concepts Derivation Fallback] visual_concepts is missing/empty for slot A1:1:s1_b60. Deriving dynamically from scene 1 + visual_notes: ''
WARNING: [Visual Concepts Derivation Fallback] visual_concepts is missing/empty for slot V1:1:s1_b60. Deriving dynamically from scene 1 + visual_notes: ''
WARNING: [Visual Concepts Derivation Fallback] visual_concepts is missing/empty for slot A1:1:s1_b61. Deriving dynamically from scene 1 + visual_notes: ''
WARNING: [Visual Concepts Derivation Fallback] visual_concepts is missing/empty for slot V1:1:s1_b61. Deriving dynamically from scene 1 + visual_notes: ''
WARNING: [Visual Concepts Derivation Fallback] visual_concepts is missing/empty for slot A1:1:s1_b62. Deriving dynamically from scene 1 + visual_notes: ''
WARNING: [Visual Concepts Derivation Fallback] visual_concepts is missing/empty for slot V1:1:s1_b62. Deriving dynamically from scene 1 + visual_notes: ''
WARNING: [Visual Concepts Derivation Fallback] visual_concepts is missing/empty for slot A1:1:s1_b63. Deriving dynamically from scene 1 + visual_notes: ''
WARNING: [Visual Concepts Derivation Fallback] visual_concepts is missing/empty for slot V1:1:s1_b63. Deriving dynamically from scene 1 + visual_notes: ''
WARNING: [Visual Concepts Derivation Fallback] visual_concepts is missing/empty for slot A1:1:s1_b64. Deriving dynamically from scene 1 + visual_notes: ''
WARNING: [Visual Concepts Derivation Fallback] visual_concepts is missing/empty for slot V1:1:s1_b64. Deriving dynamically from scene 1 + visual_notes: ''
WARNING: [Visual Concepts Derivation Fallback] visual_concepts is missing/empty for slot A1:1:s1_b65. Deriving dynamically from scene 1 + visual_notes: ''
WARNING: [Visual Concepts Derivation Fallback] visual_concepts is missing/empty for slot V1:1:s1_b65. Deriving dynamically from scene 1 + visual_notes: ''
WARNING: [Visual Concepts Derivation Fallback] visual_concepts is missing/empty for slot A1:1:s1_b66. Deriving dynamically from scene 1 + visual_notes: ''
WARNING: [Visual Concepts Derivation Fallback] visual_concepts is missing/empty for slot V1:1:s1_b66. Deriving dynamically from scene 1 + visual_notes: ''
WARNING: [Visual Concepts Derivation Fallback] visual_concepts is missing/empty for slot A1:1:s1_b67. Deriving dynamically from scene 1 + visual_notes: ''
WARNING: [Visual Concepts Derivation Fallback] visual_concepts is missing/empty for slot V1:1:s1_b67. Deriving dynamically from scene 1 + visual_notes: ''
WARNING: [Visual Concepts Derivation Fallback] visual_concepts is missing/empty for slot A1:1:s1_b68. Deriving dynamically from scene 1 + visual_notes: ''
WARNING: [Visual Concepts Derivation Fallback] visual_concepts is missing/empty for slot V1:1:s1_b68. Deriving dynamically from scene 1 + visual_notes: ''
WARNING: [Visual Concepts Derivation Fallback] visual_concepts is missing/empty for slot A1:1:s1_b69. Deriving dynamically from scene 1 + visual_notes: ''
WARNING: [Visual Concepts Derivation Fallback] visual_concepts is missing/empty for slot V1:1:s1_b69. Deriving dynamically from scene 1 + visual_notes: ''
WARNING: [Visual Concepts Derivation Fallback] visual_concepts is missing/empty for slot A1:1:s1_b70. Deriving dynamically from scene 1 + visual_notes: ''
WARNING: [Visual Concepts Derivation Fallback] visual_concepts is missing/empty for slot V1:1:s1_b70. Deriving dynamically from scene 1 + visual_notes: ''
WARNING: [Visual Concepts Derivation Fallback] visual_concepts is missing/empty for slot A1:1:s1_b71. Deriving dynamically from scene 1 + visual_notes: ''
WARNING: [Visual Concepts Derivation Fallback] visual_concepts is missing/empty for slot V1:1:s1_b71. Deriving dynamically from scene 1 + visual_notes: ''
WARNING: [Visual Concepts Derivation Fallback] visual_concepts is missing/empty for slot A1:1:s1_b72. Deriving dynamically from scene 1 + visual_notes: ''
WARNING: [Visual Concepts Derivation Fallback] visual_concepts is missing/empty for slot V1:1:s1_b72. Deriving dynamically from scene 1 + visual_notes: ''
WARNING: [Visual Concepts Derivation Fallback] visual_concepts is missing/empty for slot A1:1:s1_b73. Deriving dynamically from scene 1 + visual_notes: ''
WARNING: [Visual Concepts Derivation Fallback] visual_concepts is missing/empty for slot V1:1:s1_b73. Deriving dynamically from scene 1 + visual_notes: ''
WARNING: [Visual Concepts Derivation Fallback] visual_concepts is missing/empty for slot A1:1:s1_b74. Deriving dynamically from scene 1 + visual_notes: ''
WARNING: [Visual Concepts Derivation Fallback] visual_concepts is missing/empty for slot V1:1:s1_b74. Deriving dynamically from scene 1 + visual_notes: ''
WARNING: [Visual Concepts Derivation Fallback] visual_concepts is missing/empty for slot A1:1:s1_b75. Deriving dynamically from scene 1 + visual_notes: ''
WARNING: [Visual Concepts Derivation Fallback] visual_concepts is missing/empty for slot V1:1:s1_b75. Deriving dynamically from scene 1 + visual_notes: ''
WARNING: [Visual Concepts Derivation Fallback] visual_concepts is missing/empty for slot A1:1:s1_b76. Deriving dynamically from scene 1 + visual_notes: ''
WARNING: [Visual Concepts Derivation Fallback] visual_concepts is missing/empty for slot V1:1:s1_b76. Deriving dynamically from scene 1 + visual_notes: ''
WARNING: [Visual Concepts Derivation Fallback] visual_concepts is missing/empty for slot A1:1:s1_b77. Deriving dynamically from scene 1 + visual_notes: ''
WARNING: [Visual Concepts Derivation Fallback] visual_concepts is missing/empty for slot V1:1:s1_b77. Deriving dynamically from scene 1 + visual_notes: ''
WARNING: [Visual Concepts Derivation Fallback] visual_concepts is missing/empty for slot A1:1:s1_b78. Deriving dynamically from scene 1 + visual_notes: ''
WARNING: [Visual Concepts Derivation Fallback] visual_concepts is missing/empty for slot V1:1:s1_b78. Deriving dynamically from scene 1 + visual_notes: ''
WARNING: [Visual Concepts Derivation Fallback] visual_concepts is missing/empty for slot A1:1:s1_b79. Deriving dynamically from scene 1 + visual_notes: ''
WARNING: [Visual Concepts Derivation Fallback] visual_concepts is missing/empty for slot V1:1:s1_b79. Deriving dynamically from scene 1 + visual_notes: ''
WARNING: [Visual Concepts Derivation Fallback] visual_concepts is missing/empty for slot A1:1:s1_b80. Deriving dynamically from scene 1 + visual_notes: ''
WARNING: [Visual Concepts Derivation Fallback] visual_concepts is missing/empty for slot V1:1:s1_b80. Deriving dynamically from scene 1 + visual_notes: ''
WARNING: [Visual Concepts Derivation Fallback] visual_concepts is missing/empty for slot A1:1:s1_b81. Deriving dynamically from scene 1 + visual_notes: ''
WARNING: [Visual Concepts Derivation Fallback] visual_concepts is missing/empty for slot V1:1:s1_b81. Deriving dynamically from scene 1 + visual_notes: ''
WARNING: [Visual Concepts Derivation Fallback] visual_concepts is missing/empty for slot A1:1:s1_b82. Deriving dynamically from scene 1 + visual_notes: ''
WARNING: [Visual Concepts Derivation Fallback] visual_concepts is missing/empty for slot V1:1:s1_b82. Deriving dynamically from scene 1 + visual_notes: ''
WARNING: [Visual Concepts Derivation Fallback] visual_concepts is missing/empty for slot A1:1:s1_b83. Deriving dynamically from scene 1 + visual_notes: ''
WARNING: [Visual Concepts Derivation Fallback] visual_concepts is missing/empty for slot V1:1:s1_b83. Deriving dynamically from scene 1 + visual_notes: ''
WARNING: [Visual Concepts Derivation Fallback] visual_concepts is missing/empty for slot A1:1:s1_b84. Deriving dynamically from scene 1 + visual_notes: ''
WARNING: [Visual Concepts Derivation Fallback] visual_concepts is missing/empty for slot V1:1:s1_b84. Deriving dynamically from scene 1 + visual_notes: ''
WARNING: [Visual Concepts Derivation Fallback] visual_concepts is missing/empty for slot A1:1:s1_b85. Deriving dynamically from scene 1 + visual_notes: ''
WARNING: [Visual Concepts Derivation Fallback] visual_concepts is missing/empty for slot V1:1:s1_b85. Deriving dynamically from scene 1 + visual_notes: ''
WARNING: [Visual Concepts Derivation Fallback] visual_concepts is missing/empty for slot A1:1:s1_b86. Deriving dynamically from scene 1 + visual_notes: ''
WARNING: [Visual Concepts Derivation Fallback] visual_concepts is missing/empty for slot V1:1:s1_b86. Deriving dynamically from scene 1 + visual_notes: ''
WARNING: [Visual Concepts Derivation Fallback] visual_concepts is missing/empty for slot A1:1:s1_b87. Deriving dynamically from scene 1 + visual_notes: ''
WARNING: [Visual Concepts Derivation Fallback] visual_concepts is missing/empty for slot V1:1:s1_b87. Deriving dynamically from scene 1 + visual_notes: ''
WARNING: [Visual Concepts Derivation Fallback] visual_concepts is missing/empty for slot A1:1:s1_b88. Deriving dynamically from scene 1 + visual_notes: ''
WARNING: [Visual Concepts Derivation Fallback] visual_concepts is missing/empty for slot V1:1:s1_b88. Deriving dynamically from scene 1 + visual_notes: ''
WARNING: [Visual Concepts Derivation Fallback] visual_concepts is missing/empty for slot A1:1:s1_b89. Deriving dynamically from scene 1 + visual_notes: ''
WARNING: [Visual Concepts Derivation Fallback] visual_concepts is missing/empty for slot V1:1:s1_b89. Deriving dynamically from scene 1 + visual_notes: ''
WARNING: [Visual Concepts Derivation Fallback] visual_concepts is missing/empty for slot A1:1:s1_b90. Deriving dynamically from scene 1 + visual_notes: ''
WARNING: [Visual Concepts Derivation Fallback] visual_concepts is missing/empty for slot V1:1:s1_b90. Deriving dynamically from scene 1 + visual_notes: ''
WARNING: [Visual Concepts Derivation Fallback] visual_concepts is missing/empty for slot A1:1:s1_b91. Deriving dynamically from scene 1 + visual_notes: ''
WARNING: [Visual Concepts Derivation Fallback] visual_concepts is missing/empty for slot V1:1:s1_b91. Deriving dynamically from scene 1 + visual_notes: ''
WARNING: [Visual Concepts Derivation Fallback] visual_concepts is missing/empty for slot A1:1:s1_b92. Deriving dynamically from scene 1 + visual_notes: ''
WARNING: [Visual Concepts Derivation Fallback] visual_concepts is missing/empty for slot V1:1:s1_b92. Deriving dynamically from scene 1 + visual_notes: ''
WARNING: [Visual Concepts Derivation Fallback] visual_concepts is missing/empty for slot A1:1:s1_b93. Deriving dynamically from scene 1 + visual_notes: ''
WARNING: [Visual Concepts Derivation Fallback] visual_concepts is missing/empty for slot V1:1:s1_b93. Deriving dynamically from scene 1 + visual_notes: ''
WARNING: [Visual Concepts Derivation Fallback] visual_concepts is missing/empty for slot A1:1:s1_b94. Deriving dynamically from scene 1 + visual_notes: ''
WARNING: [Visual Concepts Derivation Fallback] visual_concepts is missing/empty for slot V1:1:s1_b94. Deriving dynamically from scene 1 + visual_notes: ''
WARNING: [Visual Concepts Derivation Fallback] visual_concepts is missing/empty for slot A1:1:s1_b95. Deriving dynamically from scene 1 + visual_notes: ''
WARNING: [Visual Concepts Derivation Fallback] visual_concepts is missing/empty for slot V1:1:s1_b95. Deriving dynamically from scene 1 + visual_notes: ''
WARNING: [Visual Concepts Derivation Fallback] visual_concepts is missing/empty for slot A1:1:s1_b96. Deriving dynamically from scene 1 + visual_notes: ''
WARNING: [Visual Concepts Derivation Fallback] visual_concepts is missing/empty for slot V1:1:s1_b96. Deriving dynamically from scene 1 + visual_notes: ''
WARNING: [Visual Concepts Derivation Fallback] visual_concepts is missing/empty for slot A1:1:s1_b97. Deriving dynamically from scene 1 + visual_notes: ''
WARNING: [Visual Concepts Derivation Fallback] visual_concepts is missing/empty for slot V1:1:s1_b97. Deriving dynamically from scene 1 + visual_notes: ''
WARNING: [Visual Concepts Derivation Fallback] visual_concepts is missing/empty for slot A1:1:s1_b98. Deriving dynamically from scene 1 + visual_notes: ''
WARNING: [Visual Concepts Derivation Fallback] visual_concepts is missing/empty for slot V1:1:s1_b98. Deriving dynamically from scene 1 + visual_notes: ''
WARNING: [Visual Concepts Derivation Fallback] visual_concepts is missing/empty for slot A1:1:s1_b99. Deriving dynamically from scene 1 + visual_notes: ''
WARNING: [Visual Concepts Derivation Fallback] visual_concepts is missing/empty for slot V1:1:s1_b99. Deriving dynamically from scene 1 + visual_notes: ''
WARNING: [Visual Concepts Derivation Fallback] visual_concepts is missing/empty for slot A1:1:s1_b100. Deriving dynamically from scene 1 + visual_notes: ''
WARNING: [Visual Concepts Derivation Fallback] visual_concepts is missing/empty for slot V1:1:s1_b100. Deriving dynamically from scene 1 + visual_notes: ''
WARNING: [Visual Concepts Derivation Fallback] visual_concepts is missing/empty for slot A1:1:s1_b1. Deriving dynamically from scene 1 + visual_notes: ''
WARNING: [Visual Concepts Derivation Fallback] visual_concepts is missing/empty for slot V1:1:s1_b1. Deriving dynamically from scene 1 + visual_notes: ''
WARNING: [Visual Concepts Derivation Fallback] visual_concepts is missing/empty for slot A1:1:s1_b2. Deriving dynamically from scene 1 + visual_notes: ''
WARNING: [Visual Concepts Derivation Fallback] visual_concepts is missing/empty for slot V1:1:s1_b2. Deriving dynamically from scene 1 + visual_notes: ''
WARNING: [Visual Concepts Derivation Fallback] visual_concepts is missing/empty for slot A1:1:s1_b3. Deriving dynamically from scene 1 + visual_notes: ''
WARNING: [Visual Concepts Derivation Fallback] visual_concepts is missing/empty for slot V1:1:s1_b3. Deriving dynamically from scene 1 + visual_notes: ''
WARNING: [Visual Concepts Derivation Fallback] visual_concepts is missing/empty for slot A1:1:s1_b4. Deriving dynamically from scene 1 + visual_notes: ''
WARNING: [Visual Concepts Derivation Fallback] visual_concepts is missing/empty for slot V1:1:s1_b4. Deriving dynamically from scene 1 + visual_notes: ''
WARNING: [Visual Concepts Derivation Fallback] visual_concepts is missing/empty for slot A1:1:s1_b5. Deriving dynamically from scene 1 + visual_notes: ''
WARNING: [Visual Concepts Derivation Fallback] visual_concepts is missing/empty for slot V1:1:s1_b5. Deriving dynamically from scene 1 + visual_notes: ''
WARNING: [Visual Concepts Derivation Fallback] visual_concepts is missing/empty for slot A1:1:s1_b6. Deriving dynamically from scene 1 + visual_notes: ''
WARNING: [Visual Concepts Derivation Fallback] visual_concepts is missing/empty for slot V1:1:s1_b6. Deriving dynamically from scene 1 + visual_notes: ''
WARNING: [Visual Concepts Derivation Fallback] visual_concepts is missing/empty for slot A1:1:s1_b7. Deriving dynamically from scene 1 + visual_notes: ''
WARNING: [Visual Concepts Derivation Fallback] visual_concepts is missing/empty for slot V1:1:s1_b7. Deriving dynamically from scene 1 + visual_notes: ''
WARNING: [Visual Concepts Derivation Fallback] visual_concepts is missing/empty for slot A1:1:s1_b8. Deriving dynamically from scene 1 + visual_notes: ''
WARNING: [Visual Concepts Derivation Fallback] visual_concepts is missing/empty for slot V1:1:s1_b8. Deriving dynamically from scene 1 + visual_notes: ''
WARNING: [Visual Concepts Derivation Fallback] visual_concepts is missing/empty for slot A1:1:s1_b9. Deriving dynamically from scene 1 + visual_notes: ''
WARNING: [Visual Concepts Derivation Fallback] visual_concepts is missing/empty for slot V1:1:s1_b9. Deriving dynamically from scene 1 + visual_notes: ''
WARNING: [Visual Concepts Derivation Fallback] visual_concepts is missing/empty for slot A1:1:s1_b10. Deriving dynamically from scene 1 + visual_notes: ''
WARNING: [Visual Concepts Derivation Fallback] visual_concepts is missing/empty for slot V1:1:s1_b10. Deriving dynamically from scene 1 + visual_notes: ''
WARNING: [Visual Concepts Derivation Fallback] visual_concepts is missing/empty for slot A1:1:s1_b11. Deriving dynamically from scene 1 + visual_notes: ''
WARNING: [Visual Concepts Derivation Fallback] visual_concepts is missing/empty for slot V1:1:s1_b11. Deriving dynamically from scene 1 + visual_notes: ''
WARNING: [Visual Concepts Derivation Fallback] visual_concepts is missing/empty for slot A1:1:s1_b12. Deriving dynamically from scene 1 + visual_notes: ''
WARNING: [Visual Concepts Derivation Fallback] visual_concepts is missing/empty for slot V1:1:s1_b12. Deriving dynamically from scene 1 + visual_notes: ''
WARNING: [Visual Concepts Derivation Fallback] visual_concepts is missing/empty for slot A1:1:s1_b13. Deriving dynamically from scene 1 + visual_notes: ''
WARNING: [Visual Concepts Derivation Fallback] visual_concepts is missing/empty for slot V1:1:s1_b13. Deriving dynamically from scene 1 + visual_notes: ''
WARNING: [Visual Concepts Derivation Fallback] visual_concepts is missing/empty for slot A1:1:s1_b14. Deriving dynamically from scene 1 + visual_notes: ''
WARNING: [Visual Concepts Derivation Fallback] visual_concepts is missing/empty for slot V1:1:s1_b14. Deriving dynamically from scene 1 + visual_notes: ''
WARNING: [Visual Concepts Derivation Fallback] visual_concepts is missing/empty for slot A1:1:s1_b15. Deriving dynamically from scene 1 + visual_notes: ''
WARNING: [Visual Concepts Derivation Fallback] visual_concepts is missing/empty for slot V1:1:s1_b15. Deriving dynamically from scene 1 + visual_notes: ''
WARNING: [Visual Concepts Derivation Fallback] visual_concepts is missing/empty for slot A1:1:s1_b16. Deriving dynamically from scene 1 + visual_notes: ''
WARNING: [Visual Concepts Derivation Fallback] visual_concepts is missing/empty for slot V1:1:s1_b16. Deriving dynamically from scene 1 + visual_notes: ''
WARNING: [Visual Concepts Derivation Fallback] visual_concepts is missing/empty for slot A1:1:s1_b17. Deriving dynamically from scene 1 + visual_notes: ''
WARNING: [Visual Concepts Derivation Fallback] visual_concepts is missing/empty for slot V1:1:s1_b17. Deriving dynamically from scene 1 + visual_notes: ''
WARNING: [Visual Concepts Derivation Fallback] visual_concepts is missing/empty for slot A1:1:s1_b18. Deriving dynamically from scene 1 + visual_notes: ''
WARNING: [Visual Concepts Derivation Fallback] visual_concepts is missing/empty for slot V1:1:s1_b18. Deriving dynamically from scene 1 + visual_notes: ''
WARNING: [Visual Concepts Derivation Fallback] visual_concepts is missing/empty for slot A1:1:s1_b19. Deriving dynamically from scene 1 + visual_notes: ''
WARNING: [Visual Concepts Derivation Fallback] visual_concepts is missing/empty for slot V1:1:s1_b19. Deriving dynamically from scene 1 + visual_notes: ''
WARNING: [Visual Concepts Derivation Fallback] visual_concepts is missing/empty for slot A1:1:s1_b20. Deriving dynamically from scene 1 + visual_notes: ''
WARNING: [Visual Concepts Derivation Fallback] visual_concepts is missing/empty for slot V1:1:s1_b20. Deriving dynamically from scene 1 + visual_notes: ''
WARNING: [Visual Concepts Derivation Fallback] visual_concepts is missing/empty for slot A1:1:s1_b21. Deriving dynamically from scene 1 + visual_notes: ''
WARNING: [Visual Concepts Derivation Fallback] visual_concepts is missing/empty for slot V1:1:s1_b21. Deriving dynamically from scene 1 + visual_notes: ''
WARNING: [Visual Concepts Derivation Fallback] visual_concepts is missing/empty for slot A1:1:s1_b22. Deriving dynamically from scene 1 + visual_notes: ''
WARNING: [Visual Concepts Derivation Fallback] visual_concepts is missing/empty for slot V1:1:s1_b22. Deriving dynamically from scene 1 + visual_notes: ''
WARNING: [Visual Concepts Derivation Fallback] visual_concepts is missing/empty for slot A1:1:s1_b23. Deriving dynamically from scene 1 + visual_notes: ''
WARNING: [Visual Concepts Derivation Fallback] visual_concepts is missing/empty for slot V1:1:s1_b23. Deriving dynamically from scene 1 + visual_notes: ''
WARNING: [Visual Concepts Derivation Fallback] visual_concepts is missing/empty for slot A1:1:s1_b24. Deriving dynamically from scene 1 + visual_notes: ''
WARNING: [Visual Concepts Derivation Fallback] visual_concepts is missing/empty for slot V1:1:s1_b24. Deriving dynamically from scene 1 + visual_notes: ''
WARNING: [Visual Concepts Derivation Fallback] visual_concepts is missing/empty for slot A1:1:s1_b25. Deriving dynamically from scene 1 + visual_notes: ''
WARNING: [Visual Concepts Derivation Fallback] visual_concepts is missing/empty for slot V1:1:s1_b25. Deriving dynamically from scene 1 + visual_notes: ''
WARNING: [Visual Concepts Derivation Fallback] visual_concepts is missing/empty for slot A1:1:s1_b26. Deriving dynamically from scene 1 + visual_notes: ''
WARNING: [Visual Concepts Derivation Fallback] visual_concepts is missing/empty for slot V1:1:s1_b26. Deriving dynamically from scene 1 + visual_notes: ''
WARNING: [Visual Concepts Derivation Fallback] visual_concepts is missing/empty for slot A1:1:s1_b27. Deriving dynamically from scene 1 + visual_notes: ''
WARNING: [Visual Concepts Derivation Fallback] visual_concepts is missing/empty for slot V1:1:s1_b27. Deriving dynamically from scene 1 + visual_notes: ''
WARNING: [Visual Concepts Derivation Fallback] visual_concepts is missing/empty for slot A1:1:s1_b28. Deriving dynamically from scene 1 + visual_notes: ''
WARNING: [Visual Concepts Derivation Fallback] visual_concepts is missing/empty for slot V1:1:s1_b28. Deriving dynamically from scene 1 + visual_notes: ''
WARNING: [Visual Concepts Derivation Fallback] visual_concepts is missing/empty for slot A1:1:s1_b29. Deriving dynamically from scene 1 + visual_notes: ''
WARNING: [Visual Concepts Derivation Fallback] visual_concepts is missing/empty for slot V1:1:s1_b29. Deriving dynamically from scene 1 + visual_notes: ''
WARNING: [Visual Concepts Derivation Fallback] visual_concepts is missing/empty for slot A1:1:s1_b30. Deriving dynamically from scene 1 + visual_notes: ''
WARNING: [Visual Concepts Derivation Fallback] visual_concepts is missing/empty for slot V1:1:s1_b30. Deriving dynamically from scene 1 + visual_notes: ''
WARNING: [Visual Concepts Derivation Fallback] visual_concepts is missing/empty for slot A1:1:s1_b31. Deriving dynamically from scene 1 + visual_notes: ''
WARNING: [Visual Concepts Derivation Fallback] visual_concepts is missing/empty for slot V1:1:s1_b31. Deriving dynamically from scene 1 + visual_notes: ''
WARNING: [Visual Concepts Derivation Fallback] visual_concepts is missing/empty for slot A1:1:s1_b32. Deriving dynamically from scene 1 + visual_notes: ''
WARNING: [Visual Concepts Derivation Fallback] visual_concepts is missing/empty for slot V1:1:s1_b32. Deriving dynamically from scene 1 + visual_notes: ''
WARNING: [Visual Concepts Derivation Fallback] visual_concepts is missing/empty for slot A1:1:s1_b33. Deriving dynamically from scene 1 + visual_notes: ''
WARNING: [Visual Concepts Derivation Fallback] visual_concepts is missing/empty for slot V1:1:s1_b33. Deriving dynamically from scene 1 + visual_notes: ''
WARNING: [Visual Concepts Derivation Fallback] visual_concepts is missing/empty for slot A1:1:s1_b34. Deriving dynamically from scene 1 + visual_notes: ''
WARNING: [Visual Concepts Derivation Fallback] visual_concepts is missing/empty for slot V1:1:s1_b34. Deriving dynamically from scene 1 + visual_notes: ''
WARNING: [Visual Concepts Derivation Fallback] visual_concepts is missing/empty for slot A1:1:s1_b35. Deriving dynamically from scene 1 + visual_notes: ''
WARNING: [Visual Concepts Derivation Fallback] visual_concepts is missing/empty for slot V1:1:s1_b35. Deriving dynamically from scene 1 + visual_notes: ''
WARNING: [Visual Concepts Derivation Fallback] visual_concepts is missing/empty for slot A1:1:s1_b36. Deriving dynamically from scene 1 + visual_notes: ''
WARNING: [Visual Concepts Derivation Fallback] visual_concepts is missing/empty for slot V1:1:s1_b36. Deriving dynamically from scene 1 + visual_notes: ''
WARNING: [Visual Concepts Derivation Fallback] visual_concepts is missing/empty for slot A1:1:s1_b37. Deriving dynamically from scene 1 + visual_notes: ''
WARNING: [Visual Concepts Derivation Fallback] visual_concepts is missing/empty for slot V1:1:s1_b37. Deriving dynamically from scene 1 + visual_notes: ''
WARNING: [Visual Concepts Derivation Fallback] visual_concepts is missing/empty for slot A1:1:s1_b38. Deriving dynamically from scene 1 + visual_notes: ''
WARNING: [Visual Concepts Derivation Fallback] visual_concepts is missing/empty for slot V1:1:s1_b38. Deriving dynamically from scene 1 + visual_notes: ''
WARNING: [Visual Concepts Derivation Fallback] visual_concepts is missing/empty for slot A1:1:s1_b39. Deriving dynamically from scene 1 + visual_notes: ''
WARNING: [Visual Concepts Derivation Fallback] visual_concepts is missing/empty for slot V1:1:s1_b39. Deriving dynamically from scene 1 + visual_notes: ''
WARNING: [Visual Concepts Derivation Fallback] visual_concepts is missing/empty for slot A1:1:s1_b40. Deriving dynamically from scene 1 + visual_notes: ''
WARNING: [Visual Concepts Derivation Fallback] visual_concepts is missing/empty for slot V1:1:s1_b40. Deriving dynamically from scene 1 + visual_notes: ''
WARNING: [Visual Concepts Derivation Fallback] visual_concepts is missing/empty for slot A1:1:s1_b41. Deriving dynamically from scene 1 + visual_notes: ''
WARNING: [Visual Concepts Derivation Fallback] visual_concepts is missing/empty for slot V1:1:s1_b41. Deriving dynamically from scene 1 + visual_notes: ''
WARNING: [Visual Concepts Derivation Fallback] visual_concepts is missing/empty for slot A1:1:s1_b42. Deriving dynamically from scene 1 + visual_notes: ''
WARNING: [Visual Concepts Derivation Fallback] visual_concepts is missing/empty for slot V1:1:s1_b42. Deriving dynamically from scene 1 + visual_notes: ''
WARNING: [Visual Concepts Derivation Fallback] visual_concepts is missing/empty for slot A1:1:s1_b43. Deriving dynamically from scene 1 + visual_notes: ''
WARNING: [Visual Concepts Derivation Fallback] visual_concepts is missing/empty for slot V1:1:s1_b43. Deriving dynamically from scene 1 + visual_notes: ''
WARNING: [Visual Concepts Derivation Fallback] visual_concepts is missing/empty for slot A1:1:s1_b44. Deriving dynamically from scene 1 + visual_notes: ''
WARNING: [Visual Concepts Derivation Fallback] visual_concepts is missing/empty for slot V1:1:s1_b44. Deriving dynamically from scene 1 + visual_notes: ''
WARNING: [Visual Concepts Derivation Fallback] visual_concepts is missing/empty for slot A1:1:s1_b45. Deriving dynamically from scene 1 + visual_notes: ''
WARNING: [Visual Concepts Derivation Fallback] visual_concepts is missing/empty for slot V1:1:s1_b45. Deriving dynamically from scene 1 + visual_notes: ''
WARNING: [Visual Concepts Derivation Fallback] visual_concepts is missing/empty for slot A1:1:s1_b46. Deriving dynamically from scene 1 + visual_notes: ''
WARNING: [Visual Concepts Derivation Fallback] visual_concepts is missing/empty for slot V1:1:s1_b46. Deriving dynamically from scene 1 + visual_notes: ''
WARNING: [Visual Concepts Derivation Fallback] visual_concepts is missing/empty for slot A1:1:s1_b47. Deriving dynamically from scene 1 + visual_notes: ''
WARNING: [Visual Concepts Derivation Fallback] visual_concepts is missing/empty for slot V1:1:s1_b47. Deriving dynamically from scene 1 + visual_notes: ''
WARNING: [Visual Concepts Derivation Fallback] visual_concepts is missing/empty for slot A1:1:s1_b48. Deriving dynamically from scene 1 + visual_notes: ''
WARNING: [Visual Concepts Derivation Fallback] visual_concepts is missing/empty for slot V1:1:s1_b48. Deriving dynamically from scene 1 + visual_notes: ''
WARNING: [Visual Concepts Derivation Fallback] visual_concepts is missing/empty for slot A1:1:s1_b49. Deriving dynamically from scene 1 + visual_notes: ''
WARNING: [Visual Concepts Derivation Fallback] visual_concepts is missing/empty for slot V1:1:s1_b49. Deriving dynamically from scene 1 + visual_notes: ''
WARNING: [Visual Concepts Derivation Fallback] visual_concepts is missing/empty for slot A1:1:s1_b50. Deriving dynamically from scene 1 + visual_notes: ''
WARNING: [Visual Concepts Derivation Fallback] visual_concepts is missing/empty for slot V1:1:s1_b50. Deriving dynamically from scene 1 + visual_notes: ''
WARNING: [Visual Concepts Derivation Fallback] visual_concepts is missing/empty for slot A1:1:s1_b51. Deriving dynamically from scene 1 + visual_notes: ''
WARNING: [Visual Concepts Derivation Fallback] visual_concepts is missing/empty for slot V1:1:s1_b51. Deriving dynamically from scene 1 + visual_notes: ''
WARNING: [Visual Concepts Derivation Fallback] visual_concepts is missing/empty for slot A1:1:s1_b52. Deriving dynamically from scene 1 + visual_notes: ''
WARNING: [Visual Concepts Derivation Fallback] visual_concepts is missing/empty for slot V1:1:s1_b52. Deriving dynamically from scene 1 + visual_notes: ''
WARNING: [Visual Concepts Derivation Fallback] visual_concepts is missing/empty for slot A1:1:s1_b53. Deriving dynamically from scene 1 + visual_notes: ''
WARNING: [Visual Concepts Derivation Fallback] visual_concepts is missing/empty for slot V1:1:s1_b53. Deriving dynamically from scene 1 + visual_notes: ''
WARNING: [Visual Concepts Derivation Fallback] visual_concepts is missing/empty for slot A1:1:s1_b54. Deriving dynamically from scene 1 + visual_notes: ''
WARNING: [Visual Concepts Derivation Fallback] visual_concepts is missing/empty for slot V1:1:s1_b54. Deriving dynamically from scene 1 + visual_notes: ''
WARNING: [Visual Concepts Derivation Fallback] visual_concepts is missing/empty for slot A1:1:s1_b55. Deriving dynamically from scene 1 + visual_notes: ''
WARNING: [Visual Concepts Derivation Fallback] visual_concepts is missing/empty for slot V1:1:s1_b55. Deriving dynamically from scene 1 + visual_notes: ''
WARNING: [Visual Concepts Derivation Fallback] visual_concepts is missing/empty for slot A1:1:s1_b56. Deriving dynamically from scene 1 + visual_notes: ''
WARNING: [Visual Concepts Derivation Fallback] visual_concepts is missing/empty for slot V1:1:s1_b56. Deriving dynamically from scene 1 + visual_notes: ''
WARNING: [Visual Concepts Derivation Fallback] visual_concepts is missing/empty for slot A1:1:s1_b57. Deriving dynamically from scene 1 + visual_notes: ''
WARNING: [Visual Concepts Derivation Fallback] visual_concepts is missing/empty for slot V1:1:s1_b57. Deriving dynamically from scene 1 + visual_notes: ''
WARNING: [Visual Concepts Derivation Fallback] visual_concepts is missing/empty for slot A1:1:s1_b58. Deriving dynamically from scene 1 + visual_notes: ''
WARNING: [Visual Concepts Derivation Fallback] visual_concepts is missing/empty for slot V1:1:s1_b58. Deriving dynamically from scene 1 + visual_notes: ''
WARNING: [Visual Concepts Derivation Fallback] visual_concepts is missing/empty for slot A1:1:s1_b59. Deriving dynamically from scene 1 + visual_notes: ''
WARNING: [Visual Concepts Derivation Fallback] visual_concepts is missing/empty for slot V1:1:s1_b59. Deriving dynamically from scene 1 + visual_notes: ''
WARNING: [Visual Concepts Derivation Fallback] visual_concepts is missing/empty for slot A1:1:s1_b60. Deriving dynamically from scene 1 + visual_notes: ''
WARNING: [Visual Concepts Derivation Fallback] visual_concepts is missing/empty for slot V1:1:s1_b60. Deriving dynamically from scene 1 + visual_notes: ''
WARNING: [Visual Concepts Derivation Fallback] visual_concepts is missing/empty for slot A1:1:s1_b61. Deriving dynamically from scene 1 + visual_notes: ''
WARNING: [Visual Concepts Derivation Fallback] visual_concepts is missing/empty for slot V1:1:s1_b61. Deriving dynamically from scene 1 + visual_notes: ''
WARNING: [Visual Concepts Derivation Fallback] visual_concepts is missing/empty for slot A1:1:s1_b62. Deriving dynamically from scene 1 + visual_notes: ''
WARNING: [Visual Concepts Derivation Fallback] visual_concepts is missing/empty for slot V1:1:s1_b62. Deriving dynamically from scene 1 + visual_notes: ''
WARNING: [Visual Concepts Derivation Fallback] visual_concepts is missing/empty for slot A1:1:s1_b63. Deriving dynamically from scene 1 + visual_notes: ''
WARNING: [Visual Concepts Derivation Fallback] visual_concepts is missing/empty for slot V1:1:s1_b63. Deriving dynamically from scene 1 + visual_notes: ''
WARNING: [Visual Concepts Derivation Fallback] visual_concepts is missing/empty for slot A1:1:s1_b64. Deriving dynamically from scene 1 + visual_notes: ''
WARNING: [Visual Concepts Derivation Fallback] visual_concepts is missing/empty for slot V1:1:s1_b64. Deriving dynamically from scene 1 + visual_notes: ''
WARNING: [Visual Concepts Derivation Fallback] visual_concepts is missing/empty for slot A1:1:s1_b65. Deriving dynamically from scene 1 + visual_notes: ''
WARNING: [Visual Concepts Derivation Fallback] visual_concepts is missing/empty for slot V1:1:s1_b65. Deriving dynamically from scene 1 + visual_notes: ''
WARNING: [Visual Concepts Derivation Fallback] visual_concepts is missing/empty for slot A1:1:s1_b66. Deriving dynamically from scene 1 + visual_notes: ''
WARNING: [Visual Concepts Derivation Fallback] visual_concepts is missing/empty for slot V1:1:s1_b66. Deriving dynamically from scene 1 + visual_notes: ''
WARNING: [Visual Concepts Derivation Fallback] visual_concepts is missing/empty for slot A1:1:s1_b67. Deriving dynamically from scene 1 + visual_notes: ''
WARNING: [Visual Concepts Derivation Fallback] visual_concepts is missing/empty for slot V1:1:s1_b67. Deriving dynamically from scene 1 + visual_notes: ''
WARNING: [Visual Concepts Derivation Fallback] visual_concepts is missing/empty for slot A1:1:s1_b68. Deriving dynamically from scene 1 + visual_notes: ''
WARNING: [Visual Concepts Derivation Fallback] visual_concepts is missing/empty for slot V1:1:s1_b68. Deriving dynamically from scene 1 + visual_notes: ''
WARNING: [Visual Concepts Derivation Fallback] visual_concepts is missing/empty for slot A1:1:s1_b69. Deriving dynamically from scene 1 + visual_notes: ''
WARNING: [Visual Concepts Derivation Fallback] visual_concepts is missing/empty for slot V1:1:s1_b69. Deriving dynamically from scene 1 + visual_notes: ''
WARNING: [Visual Concepts Derivation Fallback] visual_concepts is missing/empty for slot A1:1:s1_b70. Deriving dynamically from scene 1 + visual_notes: ''
WARNING: [Visual Concepts Derivation Fallback] visual_concepts is missing/empty for slot V1:1:s1_b70. Deriving dynamically from scene 1 + visual_notes: ''
WARNING: [Visual Concepts Derivation Fallback] visual_concepts is missing/empty for slot A1:1:s1_b71. Deriving dynamically from scene 1 + visual_notes: ''
WARNING: [Visual Concepts Derivation Fallback] visual_concepts is missing/empty for slot V1:1:s1_b71. Deriving dynamically from scene 1 + visual_notes: ''
WARNING: [Visual Concepts Derivation Fallback] visual_concepts is missing/empty for slot A1:1:s1_b72. Deriving dynamically from scene 1 + visual_notes: ''
WARNING: [Visual Concepts Derivation Fallback] visual_concepts is missing/empty for slot V1:1:s1_b72. Deriving dynamically from scene 1 + visual_notes: ''
WARNING: [Visual Concepts Derivation Fallback] visual_concepts is missing/empty for slot A1:1:s1_b73. Deriving dynamically from scene 1 + visual_notes: ''
WARNING: [Visual Concepts Derivation Fallback] visual_concepts is missing/empty for slot V1:1:s1_b73. Deriving dynamically from scene 1 + visual_notes: ''
WARNING: [Visual Concepts Derivation Fallback] visual_concepts is missing/empty for slot A1:1:s1_b74. Deriving dynamically from scene 1 + visual_notes: ''
WARNING: [Visual Concepts Derivation Fallback] visual_concepts is missing/empty for slot V1:1:s1_b74. Deriving dynamically from scene 1 + visual_notes: ''
WARNING: [Visual Concepts Derivation Fallback] visual_concepts is missing/empty for slot A1:1:s1_b75. Deriving dynamically from scene 1 + visual_notes: ''
WARNING: [Visual Concepts Derivation Fallback] visual_concepts is missing/empty for slot V1:1:s1_b75. Deriving dynamically from scene 1 + visual_notes: ''
WARNING: [Visual Concepts Derivation Fallback] visual_concepts is missing/empty for slot A1:1:s1_b76. Deriving dynamically from scene 1 + visual_notes: ''
WARNING: [Visual Concepts Derivation Fallback] visual_concepts is missing/empty for slot V1:1:s1_b76. Deriving dynamically from scene 1 + visual_notes: ''
WARNING: [Visual Concepts Derivation Fallback] visual_concepts is missing/empty for slot A1:1:s1_b77. Deriving dynamically from scene 1 + visual_notes: ''
WARNING: [Visual Concepts Derivation Fallback] visual_concepts is missing/empty for slot V1:1:s1_b77. Deriving dynamically from scene 1 + visual_notes: ''
WARNING: [Visual Concepts Derivation Fallback] visual_concepts is missing/empty for slot A1:1:s1_b78. Deriving dynamically from scene 1 + visual_notes: ''
WARNING: [Visual Concepts Derivation Fallback] visual_concepts is missing/empty for slot V1:1:s1_b78. Deriving dynamically from scene 1 + visual_notes: ''
WARNING: [Visual Concepts Derivation Fallback] visual_concepts is missing/empty for slot A1:1:s1_b79. Deriving dynamically from scene 1 + visual_notes: ''
WARNING: [Visual Concepts Derivation Fallback] visual_concepts is missing/empty for slot V1:1:s1_b79. Deriving dynamically from scene 1 + visual_notes: ''
WARNING: [Visual Concepts Derivation Fallback] visual_concepts is missing/empty for slot A1:1:s1_b80. Deriving dynamically from scene 1 + visual_notes: ''
WARNING: [Visual Concepts Derivation Fallback] visual_concepts is missing/empty for slot V1:1:s1_b80. Deriving dynamically from scene 1 + visual_notes: ''
WARNING: [Visual Concepts Derivation Fallback] visual_concepts is missing/empty for slot A1:1:s1_b81. Deriving dynamically from scene 1 + visual_notes: ''
WARNING: [Visual Concepts Derivation Fallback] visual_concepts is missing/empty for slot V1:1:s1_b81. Deriving dynamically from scene 1 + visual_notes: ''
WARNING: [Visual Concepts Derivation Fallback] visual_concepts is missing/empty for slot A1:1:s1_b82. Deriving dynamically from scene 1 + visual_notes: ''
WARNING: [Visual Concepts Derivation Fallback] visual_concepts is missing/empty for slot V1:1:s1_b82. Deriving dynamically from scene 1 + visual_notes: ''
WARNING: [Visual Concepts Derivation Fallback] visual_concepts is missing/empty for slot A1:1:s1_b83. Deriving dynamically from scene 1 + visual_notes: ''
WARNING: [Visual Concepts Derivation Fallback] visual_concepts is missing/empty for slot V1:1:s1_b83. Deriving dynamically from scene 1 + visual_notes: ''
WARNING: [Visual Concepts Derivation Fallback] visual_concepts is missing/empty for slot A1:1:s1_b84. Deriving dynamically from scene 1 + visual_notes: ''
WARNING: [Visual Concepts Derivation Fallback] visual_concepts is missing/empty for slot V1:1:s1_b84. Deriving dynamically from scene 1 + visual_notes: ''
WARNING: [Visual Concepts Derivation Fallback] visual_concepts is missing/empty for slot A1:1:s1_b85. Deriving dynamically from scene 1 + visual_notes: ''
WARNING: [Visual Concepts Derivation Fallback] visual_concepts is missing/empty for slot V1:1:s1_b85. Deriving dynamically from scene 1 + visual_notes: ''
WARNING: [Visual Concepts Derivation Fallback] visual_concepts is missing/empty for slot A1:1:s1_b86. Deriving dynamically from scene 1 + visual_notes: ''
WARNING: [Visual Concepts Derivation Fallback] visual_concepts is missing/empty for slot V1:1:s1_b86. Deriving dynamically from scene 1 + visual_notes: ''
WARNING: [Visual Concepts Derivation Fallback] visual_concepts is missing/empty for slot A1:1:s1_b87. Deriving dynamically from scene 1 + visual_notes: ''
WARNING: [Visual Concepts Derivation Fallback] visual_concepts is missing/empty for slot V1:1:s1_b87. Deriving dynamically from scene 1 + visual_notes: ''
WARNING: [Visual Concepts Derivation Fallback] visual_concepts is missing/empty for slot A1:1:s1_b88. Deriving dynamically from scene 1 + visual_notes: ''
WARNING: [Visual Concepts Derivation Fallback] visual_concepts is missing/empty for slot V1:1:s1_b88. Deriving dynamically from scene 1 + visual_notes: ''
WARNING: [Visual Concepts Derivation Fallback] visual_concepts is missing/empty for slot A1:1:s1_b89. Deriving dynamically from scene 1 + visual_notes: ''
WARNING: [Visual Concepts Derivation Fallback] visual_concepts is missing/empty for slot V1:1:s1_b89. Deriving dynamically from scene 1 + visual_notes: ''
WARNING: [Visual Concepts Derivation Fallback] visual_concepts is missing/empty for slot A1:1:s1_b90. Deriving dynamically from scene 1 + visual_notes: ''
WARNING: [Visual Concepts Derivation Fallback] visual_concepts is missing/empty for slot V1:1:s1_b90. Deriving dynamically from scene 1 + visual_notes: ''
WARNING: [Visual Concepts Derivation Fallback] visual_concepts is missing/empty for slot A1:1:s1_b91. Deriving dynamically from scene 1 + visual_notes: ''
WARNING: [Visual Concepts Derivation Fallback] visual_concepts is missing/empty for slot V1:1:s1_b91. Deriving dynamically from scene 1 + visual_notes: ''
WARNING: [Visual Concepts Derivation Fallback] visual_concepts is missing/empty for slot A1:1:s1_b92. Deriving dynamically from scene 1 + visual_notes: ''
WARNING: [Visual Concepts Derivation Fallback] visual_concepts is missing/empty for slot V1:1:s1_b92. Deriving dynamically from scene 1 + visual_notes: ''
WARNING: [Visual Concepts Derivation Fallback] visual_concepts is missing/empty for slot A1:1:s1_b93. Deriving dynamically from scene 1 + visual_notes: ''
WARNING: [Visual Concepts Derivation Fallback] visual_concepts is missing/empty for slot V1:1:s1_b93. Deriving dynamically from scene 1 + visual_notes: ''
WARNING: [Visual Concepts Derivation Fallback] visual_concepts is missing/empty for slot A1:1:s1_b94. Deriving dynamically from scene 1 + visual_notes: ''
WARNING: [Visual Concepts Derivation Fallback] visual_concepts is missing/empty for slot V1:1:s1_b94. Deriving dynamically from scene 1 + visual_notes: ''
WARNING: [Visual Concepts Derivation Fallback] visual_concepts is missing/empty for slot A1:1:s1_b95. Deriving dynamically from scene 1 + visual_notes: ''
WARNING: [Visual Concepts Derivation Fallback] visual_concepts is missing/empty for slot V1:1:s1_b95. Deriving dynamically from scene 1 + visual_notes: ''
WARNING: [Visual Concepts Derivation Fallback] visual_concepts is missing/empty for slot A1:1:s1_b96. Deriving dynamically from scene 1 + visual_notes: ''
WARNING: [Visual Concepts Derivation Fallback] visual_concepts is missing/empty for slot V1:1:s1_b96. Deriving dynamically from scene 1 + visual_notes: ''
WARNING: [Visual Concepts Derivation Fallback] visual_concepts is missing/empty for slot A1:1:s1_b97. Deriving dynamically from scene 1 + visual_notes: ''
WARNING: [Visual Concepts Derivation Fallback] visual_concepts is missing/empty for slot V1:1:s1_b97. Deriving dynamically from scene 1 + visual_notes: ''
WARNING: [Visual Concepts Derivation Fallback] visual_concepts is missing/empty for slot A1:1:s1_b98. Deriving dynamically from scene 1 + visual_notes: ''
WARNING: [Visual Concepts Derivation Fallback] visual_concepts is missing/empty for slot V1:1:s1_b98. Deriving dynamically from scene 1 + visual_notes: ''
WARNING: [Visual Concepts Derivation Fallback] visual_concepts is missing/empty for slot A1:1:s1_b99. Deriving dynamically from scene 1 + visual_notes: ''
WARNING: [Visual Concepts Derivation Fallback] visual_concepts is missing/empty for slot V1:1:s1_b99. Deriving dynamically from scene 1 + visual_notes: ''
WARNING: [Visual Concepts Derivation Fallback] visual_concepts is missing/empty for slot A1:1:s1_b100. Deriving dynamically from scene 1 + visual_notes: ''
WARNING: [Visual Concepts Derivation Fallback] visual_concepts is missing/empty for slot V1:1:s1_b100. Deriving dynamically from scene 1 + visual_notes: ''
WARNING: [Visual Concepts Derivation Fallback] visual_concepts is missing/empty for slot A1:1:s1_b1. Deriving dynamically from scene 1 + visual_notes: ''
WARNING: [Visual Concepts Derivation Fallback] visual_concepts is missing/empty for slot V1:1:s1_b1. Deriving dynamically from scene 1 + visual_notes: ''
WARNING: [Visual Concepts Derivation Fallback] visual_concepts is missing/empty for slot A1:1:s1_b2. Deriving dynamically from scene 1 + visual_notes: ''
WARNING: [Visual Concepts Derivation Fallback] visual_concepts is missing/empty for slot V1:1:s1_b2. Deriving dynamically from scene 1 + visual_notes: ''
WARNING: [Visual Concepts Derivation Fallback] visual_concepts is missing/empty for slot A1:1:s1_b3. Deriving dynamically from scene 1 + visual_notes: ''
WARNING: [Visual Concepts Derivation Fallback] visual_concepts is missing/empty for slot V1:1:s1_b3. Deriving dynamically from scene 1 + visual_notes: ''
WARNING: [Visual Concepts Derivation Fallback] visual_concepts is missing/empty for slot A1:1:s1_b4. Deriving dynamically from scene 1 + visual_notes: ''
WARNING: [Visual Concepts Derivation Fallback] visual_concepts is missing/empty for slot V1:1:s1_b4. Deriving dynamically from scene 1 + visual_notes: ''
WARNING: [Visual Concepts Derivation Fallback] visual_concepts is missing/empty for slot A1:1:s1_b5. Deriving dynamically from scene 1 + visual_notes: ''
WARNING: [Visual Concepts Derivation Fallback] visual_concepts is missing/empty for slot V1:1:s1_b5. Deriving dynamically from scene 1 + visual_notes: ''
WARNING: [Visual Concepts Derivation Fallback] visual_concepts is missing/empty for slot A1:1:s1_b6. Deriving dynamically from scene 1 + visual_notes: ''
WARNING: [Visual Concepts Derivation Fallback] visual_concepts is missing/empty for slot V1:1:s1_b6. Deriving dynamically from scene 1 + visual_notes: ''
WARNING: [Visual Concepts Derivation Fallback] visual_concepts is missing/empty for slot A1:1:s1_b7. Deriving dynamically from scene 1 + visual_notes: ''
WARNING: [Visual Concepts Derivation Fallback] visual_concepts is missing/empty for slot V1:1:s1_b7. Deriving dynamically from scene 1 + visual_notes: ''
WARNING: [Visual Concepts Derivation Fallback] visual_concepts is missing/empty for slot A1:1:s1_b8. Deriving dynamically from scene 1 + visual_notes: ''
WARNING: [Visual Concepts Derivation Fallback] visual_concepts is missing/empty for slot V1:1:s1_b8. Deriving dynamically from scene 1 + visual_notes: ''
WARNING: [Visual Concepts Derivation Fallback] visual_concepts is missing/empty for slot A1:1:s1_b9. Deriving dynamically from scene 1 + visual_notes: ''
WARNING: [Visual Concepts Derivation Fallback] visual_concepts is missing/empty for slot V1:1:s1_b9. Deriving dynamically from scene 1 + visual_notes: ''
WARNING: [Visual Concepts Derivation Fallback] visual_concepts is missing/empty for slot A1:1:s1_b10. Deriving dynamically from scene 1 + visual_notes: ''
WARNING: [Visual Concepts Derivation Fallback] visual_concepts is missing/empty for slot V1:1:s1_b10. Deriving dynamically from scene 1 + visual_notes: ''
WARNING: [Visual Concepts Derivation Fallback] visual_concepts is missing/empty for slot A1:1:s1_b11. Deriving dynamically from scene 1 + visual_notes: ''
WARNING: [Visual Concepts Derivation Fallback] visual_concepts is missing/empty for slot V1:1:s1_b11. Deriving dynamically from scene 1 + visual_notes: ''
WARNING: [Visual Concepts Derivation Fallback] visual_concepts is missing/empty for slot A1:1:s1_b12. Deriving dynamically from scene 1 + visual_notes: ''
WARNING: [Visual Concepts Derivation Fallback] visual_concepts is missing/empty for slot V1:1:s1_b12. Deriving dynamically from scene 1 + visual_notes: ''
WARNING: [Visual Concepts Derivation Fallback] visual_concepts is missing/empty for slot A1:1:s1_b13. Deriving dynamically from scene 1 + visual_notes: ''
WARNING: [Visual Concepts Derivation Fallback] visual_concepts is missing/empty for slot V1:1:s1_b13. Deriving dynamically from scene 1 + visual_notes: ''
WARNING: [Visual Concepts Derivation Fallback] visual_concepts is missing/empty for slot A1:1:s1_b14. Deriving dynamically from scene 1 + visual_notes: ''
WARNING: [Visual Concepts Derivation Fallback] visual_concepts is missing/empty for slot V1:1:s1_b14. Deriving dynamically from scene 1 + visual_notes: ''
WARNING: [Visual Concepts Derivation Fallback] visual_concepts is missing/empty for slot A1:1:s1_b15. Deriving dynamically from scene 1 + visual_notes: ''
WARNING: [Visual Concepts Derivation Fallback] visual_concepts is missing/empty for slot V1:1:s1_b15. Deriving dynamically from scene 1 + visual_notes: ''
WARNING: [Visual Concepts Derivation Fallback] visual_concepts is missing/empty for slot A1:1:s1_b16. Deriving dynamically from scene 1 + visual_notes: ''
WARNING: [Visual Concepts Derivation Fallback] visual_concepts is missing/empty for slot V1:1:s1_b16. Deriving dynamically from scene 1 + visual_notes: ''
WARNING: [Visual Concepts Derivation Fallback] visual_concepts is missing/empty for slot A1:1:s1_b17. Deriving dynamically from scene 1 + visual_notes: ''
WARNING: [Visual Concepts Derivation Fallback] visual_concepts is missing/empty for slot V1:1:s1_b17. Deriving dynamically from scene 1 + visual_notes: ''
WARNING: [Visual Concepts Derivation Fallback] visual_concepts is missing/empty for slot A1:1:s1_b18. Deriving dynamically from scene 1 + visual_notes: ''
WARNING: [Visual Concepts Derivation Fallback] visual_concepts is missing/empty for slot V1:1:s1_b18. Deriving dynamically from scene 1 + visual_notes: ''
WARNING: [Visual Concepts Derivation Fallback] visual_concepts is missing/empty for slot A1:1:s1_b19. Deriving dynamically from scene 1 + visual_notes: ''
WARNING: [Visual Concepts Derivation Fallback] visual_concepts is missing/empty for slot V1:1:s1_b19. Deriving dynamically from scene 1 + visual_notes: ''
WARNING: [Visual Concepts Derivation Fallback] visual_concepts is missing/empty for slot A1:1:s1_b20. Deriving dynamically from scene 1 + visual_notes: ''
WARNING: [Visual Concepts Derivation Fallback] visual_concepts is missing/empty for slot V1:1:s1_b20. Deriving dynamically from scene 1 + visual_notes: ''
WARNING: [Visual Concepts Derivation Fallback] visual_concepts is missing/empty for slot A1:1:s1_b21. Deriving dynamically from scene 1 + visual_notes: ''
WARNING: [Visual Concepts Derivation Fallback] visual_concepts is missing/empty for slot V1:1:s1_b21. Deriving dynamically from scene 1 + visual_notes: ''
WARNING: [Visual Concepts Derivation Fallback] visual_concepts is missing/empty for slot A1:1:s1_b22. Deriving dynamically from scene 1 + visual_notes: ''
WARNING: [Visual Concepts Derivation Fallback] visual_concepts is missing/empty for slot V1:1:s1_b22. Deriving dynamically from scene 1 + visual_notes: ''
WARNING: [Visual Concepts Derivation Fallback] visual_concepts is missing/empty for slot A1:1:s1_b23. Deriving dynamically from scene 1 + visual_notes: ''
WARNING: [Visual Concepts Derivation Fallback] visual_concepts is missing/empty for slot V1:1:s1_b23. Deriving dynamically from scene 1 + visual_notes: ''
WARNING: [Visual Concepts Derivation Fallback] visual_concepts is missing/empty for slot A1:1:s1_b24. Deriving dynamically from scene 1 + visual_notes: ''
WARNING: [Visual Concepts Derivation Fallback] visual_concepts is missing/empty for slot V1:1:s1_b24. Deriving dynamically from scene 1 + visual_notes: ''
WARNING: [Visual Concepts Derivation Fallback] visual_concepts is missing/empty for slot A1:1:s1_b25. Deriving dynamically from scene 1 + visual_notes: ''
WARNING: [Visual Concepts Derivation Fallback] visual_concepts is missing/empty for slot V1:1:s1_b25. Deriving dynamically from scene 1 + visual_notes: ''
WARNING: [Visual Concepts Derivation Fallback] visual_concepts is missing/empty for slot A1:1:s1_b26. Deriving dynamically from scene 1 + visual_notes: ''
WARNING: [Visual Concepts Derivation Fallback] visual_concepts is missing/empty for slot V1:1:s1_b26. Deriving dynamically from scene 1 + visual_notes: ''
WARNING: [Visual Concepts Derivation Fallback] visual_concepts is missing/empty for slot A1:1:s1_b27. Deriving dynamically from scene 1 + visual_notes: ''
WARNING: [Visual Concepts Derivation Fallback] visual_concepts is missing/empty for slot V1:1:s1_b27. Deriving dynamically from scene 1 + visual_notes: ''
WARNING: [Visual Concepts Derivation Fallback] visual_concepts is missing/empty for slot A1:1:s1_b28. Deriving dynamically from scene 1 + visual_notes: ''
WARNING: [Visual Concepts Derivation Fallback] visual_concepts is missing/empty for slot V1:1:s1_b28. Deriving dynamically from scene 1 + visual_notes: ''
WARNING: [Visual Concepts Derivation Fallback] visual_concepts is missing/empty for slot A1:1:s1_b29. Deriving dynamically from scene 1 + visual_notes: ''
WARNING: [Visual Concepts Derivation Fallback] visual_concepts is missing/empty for slot V1:1:s1_b29. Deriving dynamically from scene 1 + visual_notes: ''
WARNING: [Visual Concepts Derivation Fallback] visual_concepts is missing/empty for slot A1:1:s1_b30. Deriving dynamically from scene 1 + visual_notes: ''
WARNING: [Visual Concepts Derivation Fallback] visual_concepts is missing/empty for slot V1:1:s1_b30. Deriving dynamically from scene 1 + visual_notes: ''
WARNING: [Visual Concepts Derivation Fallback] visual_concepts is missing/empty for slot A1:1:s1_b31. Deriving dynamically from scene 1 + visual_notes: ''
WARNING: [Visual Concepts Derivation Fallback] visual_concepts is missing/empty for slot V1:1:s1_b31. Deriving dynamically from scene 1 + visual_notes: ''
WARNING: [Visual Concepts Derivation Fallback] visual_concepts is missing/empty for slot A1:1:s1_b32. Deriving dynamically from scene 1 + visual_notes: ''
WARNING: [Visual Concepts Derivation Fallback] visual_concepts is missing/empty for slot V1:1:s1_b32. Deriving dynamically from scene 1 + visual_notes: ''
WARNING: [Visual Concepts Derivation Fallback] visual_concepts is missing/empty for slot A1:1:s1_b33. Deriving dynamically from scene 1 + visual_notes: ''
WARNING: [Visual Concepts Derivation Fallback] visual_concepts is missing/empty for slot V1:1:s1_b33. Deriving dynamically from scene 1 + visual_notes: ''
WARNING: [Visual Concepts Derivation Fallback] visual_concepts is missing/empty for slot A1:1:s1_b34. Deriving dynamically from scene 1 + visual_notes: ''
WARNING: [Visual Concepts Derivation Fallback] visual_concepts is missing/empty for slot V1:1:s1_b34. Deriving dynamically from scene 1 + visual_notes: ''
WARNING: [Visual Concepts Derivation Fallback] visual_concepts is missing/empty for slot A1:1:s1_b35. Deriving dynamically from scene 1 + visual_notes: ''
WARNING: [Visual Concepts Derivation Fallback] visual_concepts is missing/empty for slot V1:1:s1_b35. Deriving dynamically from scene 1 + visual_notes: ''
WARNING: [Visual Concepts Derivation Fallback] visual_concepts is missing/empty for slot A1:1:s1_b36. Deriving dynamically from scene 1 + visual_notes: ''
WARNING: [Visual Concepts Derivation Fallback] visual_concepts is missing/empty for slot V1:1:s1_b36. Deriving dynamically from scene 1 + visual_notes: ''
WARNING: [Visual Concepts Derivation Fallback] visual_concepts is missing/empty for slot A1:1:s1_b37. Deriving dynamically from scene 1 + visual_notes: ''
WARNING: [Visual Concepts Derivation Fallback] visual_concepts is missing/empty for slot V1:1:s1_b37. Deriving dynamically from scene 1 + visual_notes: ''
WARNING: [Visual Concepts Derivation Fallback] visual_concepts is missing/empty for slot A1:1:s1_b38. Deriving dynamically from scene 1 + visual_notes: ''
WARNING: [Visual Concepts Derivation Fallback] visual_concepts is missing/empty for slot V1:1:s1_b38. Deriving dynamically from scene 1 + visual_notes: ''
WARNING: [Visual Concepts Derivation Fallback] visual_concepts is missing/empty for slot A1:1:s1_b39. Deriving dynamically from scene 1 + visual_notes: ''
WARNING: [Visual Concepts Derivation Fallback] visual_concepts is missing/empty for slot V1:1:s1_b39. Deriving dynamically from scene 1 + visual_notes: ''
WARNING: [Visual Concepts Derivation Fallback] visual_concepts is missing/empty for slot A1:1:s1_b40. Deriving dynamically from scene 1 + visual_notes: ''
WARNING: [Visual Concepts Derivation Fallback] visual_concepts is missing/empty for slot V1:1:s1_b40. Deriving dynamically from scene 1 + visual_notes: ''
WARNING: [Visual Concepts Derivation Fallback] visual_concepts is missing/empty for slot A1:1:s1_b41. Deriving dynamically from scene 1 + visual_notes: ''
WARNING: [Visual Concepts Derivation Fallback] visual_concepts is missing/empty for slot V1:1:s1_b41. Deriving dynamically from scene 1 + visual_notes: ''
WARNING: [Visual Concepts Derivation Fallback] visual_concepts is missing/empty for slot A1:1:s1_b42. Deriving dynamically from scene 1 + visual_notes: ''
WARNING: [Visual Concepts Derivation Fallback] visual_concepts is missing/empty for slot V1:1:s1_b42. Deriving dynamically from scene 1 + visual_notes: ''
WARNING: [Visual Concepts Derivation Fallback] visual_concepts is missing/empty for slot A1:1:s1_b43. Deriving dynamically from scene 1 + visual_notes: ''
WARNING: [Visual Concepts Derivation Fallback] visual_concepts is missing/empty for slot V1:1:s1_b43. Deriving dynamically from scene 1 + visual_notes: ''
WARNING: [Visual Concepts Derivation Fallback] visual_concepts is missing/empty for slot A1:1:s1_b44. Deriving dynamically from scene 1 + visual_notes: ''
WARNING: [Visual Concepts Derivation Fallback] visual_concepts is missing/empty for slot V1:1:s1_b44. Deriving dynamically from scene 1 + visual_notes: ''
WARNING: [Visual Concepts Derivation Fallback] visual_concepts is missing/empty for slot A1:1:s1_b45. Deriving dynamically from scene 1 + visual_notes: ''
WARNING: [Visual Concepts Derivation Fallback] visual_concepts is missing/empty for slot V1:1:s1_b45. Deriving dynamically from scene 1 + visual_notes: ''
WARNING: [Visual Concepts Derivation Fallback] visual_concepts is missing/empty for slot A1:1:s1_b46. Deriving dynamically from scene 1 + visual_notes: ''
WARNING: [Visual Concepts Derivation Fallback] visual_concepts is missing/empty for slot V1:1:s1_b46. Deriving dynamically from scene 1 + visual_notes: ''
WARNING: [Visual Concepts Derivation Fallback] visual_concepts is missing/empty for slot A1:1:s1_b47. Deriving dynamically from scene 1 + visual_notes: ''
WARNING: [Visual Concepts Derivation Fallback] visual_concepts is missing/empty for slot V1:1:s1_b47. Deriving dynamically from scene 1 + visual_notes: ''
WARNING: [Visual Concepts Derivation Fallback] visual_concepts is missing/empty for slot A1:1:s1_b48. Deriving dynamically from scene 1 + visual_notes: ''
WARNING: [Visual Concepts Derivation Fallback] visual_concepts is missing/empty for slot V1:1:s1_b48. Deriving dynamically from scene 1 + visual_notes: ''
WARNING: [Visual Concepts Derivation Fallback] visual_concepts is missing/empty for slot A1:1:s1_b49. Deriving dynamically from scene 1 + visual_notes: ''
WARNING: [Visual Concepts Derivation Fallback] visual_concepts is missing/empty for slot V1:1:s1_b49. Deriving dynamically from scene 1 + visual_notes: ''
WARNING: [Visual Concepts Derivation Fallback] visual_concepts is missing/empty for slot A1:1:s1_b50. Deriving dynamically from scene 1 + visual_notes: ''
WARNING: [Visual Concepts Derivation Fallback] visual_concepts is missing/empty for slot V1:1:s1_b50. Deriving dynamically from scene 1 + visual_notes: ''
WARNING: [Visual Concepts Derivation Fallback] visual_concepts is missing/empty for slot A1:1:s1_b51. Deriving dynamically from scene 1 + visual_notes: ''
WARNING: [Visual Concepts Derivation Fallback] visual_concepts is missing/empty for slot V1:1:s1_b51. Deriving dynamically from scene 1 + visual_notes: ''
WARNING: [Visual Concepts Derivation Fallback] visual_concepts is missing/empty for slot A1:1:s1_b52. Deriving dynamically from scene 1 + visual_notes: ''
WARNING: [Visual Concepts Derivation Fallback] visual_concepts is missing/empty for slot V1:1:s1_b52. Deriving dynamically from scene 1 + visual_notes: ''
WARNING: [Visual Concepts Derivation Fallback] visual_concepts is missing/empty for slot A1:1:s1_b53. Deriving dynamically from scene 1 + visual_notes: ''
WARNING: [Visual Concepts Derivation Fallback] visual_concepts is missing/empty for slot V1:1:s1_b53. Deriving dynamically from scene 1 + visual_notes: ''
WARNING: [Visual Concepts Derivation Fallback] visual_concepts is missing/empty for slot A1:1:s1_b54. Deriving dynamically from scene 1 + visual_notes: ''
WARNING: [Visual Concepts Derivation Fallback] visual_concepts is missing/empty for slot V1:1:s1_b54. Deriving dynamically from scene 1 + visual_notes: ''
WARNING: [Visual Concepts Derivation Fallback] visual_concepts is missing/empty for slot A1:1:s1_b55. Deriving dynamically from scene 1 + visual_notes: ''
WARNING: [Visual Concepts Derivation Fallback] visual_concepts is missing/empty for slot V1:1:s1_b55. Deriving dynamically from scene 1 + visual_notes: ''
WARNING: [Visual Concepts Derivation Fallback] visual_concepts is missing/empty for slot A1:1:s1_b56. Deriving dynamically from scene 1 + visual_notes: ''
WARNING: [Visual Concepts Derivation Fallback] visual_concepts is missing/empty for slot V1:1:s1_b56. Deriving dynamically from scene 1 + visual_notes: ''
WARNING: [Visual Concepts Derivation Fallback] visual_concepts is missing/empty for slot A1:1:s1_b57. Deriving dynamically from scene 1 + visual_notes: ''
WARNING: [Visual Concepts Derivation Fallback] visual_concepts is missing/empty for slot V1:1:s1_b57. Deriving dynamically from scene 1 + visual_notes: ''
WARNING: [Visual Concepts Derivation Fallback] visual_concepts is missing/empty for slot A1:1:s1_b58. Deriving dynamically from scene 1 + visual_notes: ''
WARNING: [Visual Concepts Derivation Fallback] visual_concepts is missing/empty for slot V1:1:s1_b58. Deriving dynamically from scene 1 + visual_notes: ''
WARNING: [Visual Concepts Derivation Fallback] visual_concepts is missing/empty for slot A1:1:s1_b59. Deriving dynamically from scene 1 + visual_notes: ''
WARNING: [Visual Concepts Derivation Fallback] visual_concepts is missing/empty for slot V1:1:s1_b59. Deriving dynamically from scene 1 + visual_notes: ''
WARNING: [Visual Concepts Derivation Fallback] visual_concepts is missing/empty for slot A1:1:s1_b60. Deriving dynamically from scene 1 + visual_notes: ''
WARNING: [Visual Concepts Derivation Fallback] visual_concepts is missing/empty for slot V1:1:s1_b60. Deriving dynamically from scene 1 + visual_notes: ''
WARNING: [Visual Concepts Derivation Fallback] visual_concepts is missing/empty for slot A1:1:s1_b61. Deriving dynamically from scene 1 + visual_notes: ''
WARNING: [Visual Concepts Derivation Fallback] visual_concepts is missing/empty for slot V1:1:s1_b61. Deriving dynamically from scene 1 + visual_notes: ''
WARNING: [Visual Concepts Derivation Fallback] visual_concepts is missing/empty for slot A1:1:s1_b62. Deriving dynamically from scene 1 + visual_notes: ''
WARNING: [Visual Concepts Derivation Fallback] visual_concepts is missing/empty for slot V1:1:s1_b62. Deriving dynamically from scene 1 + visual_notes: ''
WARNING: [Visual Concepts Derivation Fallback] visual_concepts is missing/empty for slot A1:1:s1_b63. Deriving dynamically from scene 1 + visual_notes: ''
WARNING: [Visual Concepts Derivation Fallback] visual_concepts is missing/empty for slot V1:1:s1_b63. Deriving dynamically from scene 1 + visual_notes: ''
WARNING: [Visual Concepts Derivation Fallback] visual_concepts is missing/empty for slot A1:1:s1_b64. Deriving dynamically from scene 1 + visual_notes: ''
WARNING: [Visual Concepts Derivation Fallback] visual_concepts is missing/empty for slot V1:1:s1_b64. Deriving dynamically from scene 1 + visual_notes: ''
WARNING: [Visual Concepts Derivation Fallback] visual_concepts is missing/empty for slot A1:1:s1_b65. Deriving dynamically from scene 1 + visual_notes: ''
WARNING: [Visual Concepts Derivation Fallback] visual_concepts is missing/empty for slot V1:1:s1_b65. Deriving dynamically from scene 1 + visual_notes: ''
WARNING: [Visual Concepts Derivation Fallback] visual_concepts is missing/empty for slot A1:1:s1_b66. Deriving dynamically from scene 1 + visual_notes: ''
WARNING: [Visual Concepts Derivation Fallback] visual_concepts is missing/empty for slot V1:1:s1_b66. Deriving dynamically from scene 1 + visual_notes: ''
WARNING: [Visual Concepts Derivation Fallback] visual_concepts is missing/empty for slot A1:1:s1_b67. Deriving dynamically from scene 1 + visual_notes: ''
WARNING: [Visual Concepts Derivation Fallback] visual_concepts is missing/empty for slot V1:1:s1_b67. Deriving dynamically from scene 1 + visual_notes: ''
WARNING: [Visual Concepts Derivation Fallback] visual_concepts is missing/empty for slot A1:1:s1_b68. Deriving dynamically from scene 1 + visual_notes: ''
WARNING: [Visual Concepts Derivation Fallback] visual_concepts is missing/empty for slot V1:1:s1_b68. Deriving dynamically from scene 1 + visual_notes: ''
WARNING: [Visual Concepts Derivation Fallback] visual_concepts is missing/empty for slot A1:1:s1_b69. Deriving dynamically from scene 1 + visual_notes: ''
WARNING: [Visual Concepts Derivation Fallback] visual_concepts is missing/empty for slot V1:1:s1_b69. Deriving dynamically from scene 1 + visual_notes: ''
WARNING: [Visual Concepts Derivation Fallback] visual_concepts is missing/empty for slot A1:1:s1_b70. Deriving dynamically from scene 1 + visual_notes: ''
WARNING: [Visual Concepts Derivation Fallback] visual_concepts is missing/empty for slot V1:1:s1_b70. Deriving dynamically from scene 1 + visual_notes: ''
WARNING: [Visual Concepts Derivation Fallback] visual_concepts is missing/empty for slot A1:1:s1_b71. Deriving dynamically from scene 1 + visual_notes: ''
WARNING: [Visual Concepts Derivation Fallback] visual_concepts is missing/empty for slot V1:1:s1_b71. Deriving dynamically from scene 1 + visual_notes: ''
WARNING: [Visual Concepts Derivation Fallback] visual_concepts is missing/empty for slot A1:1:s1_b72. Deriving dynamically from scene 1 + visual_notes: ''
WARNING: [Visual Concepts Derivation Fallback] visual_concepts is missing/empty for slot V1:1:s1_b72. Deriving dynamically from scene 1 + visual_notes: ''
WARNING: [Visual Concepts Derivation Fallback] visual_concepts is missing/empty for slot A1:1:s1_b73. Deriving dynamically from scene 1 + visual_notes: ''
WARNING: [Visual Concepts Derivation Fallback] visual_concepts is missing/empty for slot V1:1:s1_b73. Deriving dynamically from scene 1 + visual_notes: ''
WARNING: [Visual Concepts Derivation Fallback] visual_concepts is missing/empty for slot A1:1:s1_b74. Deriving dynamically from scene 1 + visual_notes: ''
WARNING: [Visual Concepts Derivation Fallback] visual_concepts is missing/empty for slot V1:1:s1_b74. Deriving dynamically from scene 1 + visual_notes: ''
WARNING: [Visual Concepts Derivation Fallback] visual_concepts is missing/empty for slot A1:1:s1_b75. Deriving dynamically from scene 1 + visual_notes: ''
WARNING: [Visual Concepts Derivation Fallback] visual_concepts is missing/empty for slot V1:1:s1_b75. Deriving dynamically from scene 1 + visual_notes: ''
WARNING: [Visual Concepts Derivation Fallback] visual_concepts is missing/empty for slot A1:1:s1_b76. Deriving dynamically from scene 1 + visual_notes: ''
WARNING: [Visual Concepts Derivation Fallback] visual_concepts is missing/empty for slot V1:1:s1_b76. Deriving dynamically from scene 1 + visual_notes: ''
WARNING: [Visual Concepts Derivation Fallback] visual_concepts is missing/empty for slot A1:1:s1_b77. Deriving dynamically from scene 1 + visual_notes: ''
WARNING: [Visual Concepts Derivation Fallback] visual_concepts is missing/empty for slot V1:1:s1_b77. Deriving dynamically from scene 1 + visual_notes: ''
WARNING: [Visual Concepts Derivation Fallback] visual_concepts is missing/empty for slot A1:1:s1_b78. Deriving dynamically from scene 1 + visual_notes: ''
WARNING: [Visual Concepts Derivation Fallback] visual_concepts is missing/empty for slot V1:1:s1_b78. Deriving dynamically from scene 1 + visual_notes: ''
WARNING: [Visual Concepts Derivation Fallback] visual_concepts is missing/empty for slot A1:1:s1_b79. Deriving dynamically from scene 1 + visual_notes: ''
WARNING: [Visual Concepts Derivation Fallback] visual_concepts is missing/empty for slot V1:1:s1_b79. Deriving dynamically from scene 1 + visual_notes: ''
WARNING: [Visual Concepts Derivation Fallback] visual_concepts is missing/empty for slot A1:1:s1_b80. Deriving dynamically from scene 1 + visual_notes: ''
WARNING: [Visual Concepts Derivation Fallback] visual_concepts is missing/empty for slot V1:1:s1_b80. Deriving dynamically from scene 1 + visual_notes: ''
WARNING: [Visual Concepts Derivation Fallback] visual_concepts is missing/empty for slot A1:1:s1_b81. Deriving dynamically from scene 1 + visual_notes: ''
WARNING: [Visual Concepts Derivation Fallback] visual_concepts is missing/empty for slot V1:1:s1_b81. Deriving dynamically from scene 1 + visual_notes: ''
WARNING: [Visual Concepts Derivation Fallback] visual_concepts is missing/empty for slot A1:1:s1_b82. Deriving dynamically from scene 1 + visual_notes: ''
WARNING: [Visual Concepts Derivation Fallback] visual_concepts is missing/empty for slot V1:1:s1_b82. Deriving dynamically from scene 1 + visual_notes: ''
WARNING: [Visual Concepts Derivation Fallback] visual_concepts is missing/empty for slot A1:1:s1_b83. Deriving dynamically from scene 1 + visual_notes: ''
WARNING: [Visual Concepts Derivation Fallback] visual_concepts is missing/empty for slot V1:1:s1_b83. Deriving dynamically from scene 1 + visual_notes: ''
WARNING: [Visual Concepts Derivation Fallback] visual_concepts is missing/empty for slot A1:1:s1_b84. Deriving dynamically from scene 1 + visual_notes: ''
WARNING: [Visual Concepts Derivation Fallback] visual_concepts is missing/empty for slot V1:1:s1_b84. Deriving dynamically from scene 1 + visual_notes: ''
WARNING: [Visual Concepts Derivation Fallback] visual_concepts is missing/empty for slot A1:1:s1_b85. Deriving dynamically from scene 1 + visual_notes: ''
WARNING: [Visual Concepts Derivation Fallback] visual_concepts is missing/empty for slot V1:1:s1_b85. Deriving dynamically from scene 1 + visual_notes: ''
WARNING: [Visual Concepts Derivation Fallback] visual_concepts is missing/empty for slot A1:1:s1_b86. Deriving dynamically from scene 1 + visual_notes: ''
WARNING: [Visual Concepts Derivation Fallback] visual_concepts is missing/empty for slot V1:1:s1_b86. Deriving dynamically from scene 1 + visual_notes: ''
WARNING: [Visual Concepts Derivation Fallback] visual_concepts is missing/empty for slot A1:1:s1_b87. Deriving dynamically from scene 1 + visual_notes: ''
WARNING: [Visual Concepts Derivation Fallback] visual_concepts is missing/empty for slot V1:1:s1_b87. Deriving dynamically from scene 1 + visual_notes: ''
WARNING: [Visual Concepts Derivation Fallback] visual_concepts is missing/empty for slot A1:1:s1_b88. Deriving dynamically from scene 1 + visual_notes: ''
WARNING: [Visual Concepts Derivation Fallback] visual_concepts is missing/empty for slot V1:1:s1_b88. Deriving dynamically from scene 1 + visual_notes: ''
WARNING: [Visual Concepts Derivation Fallback] visual_concepts is missing/empty for slot A1:1:s1_b89. Deriving dynamically from scene 1 + visual_notes: ''
WARNING: [Visual Concepts Derivation Fallback] visual_concepts is missing/empty for slot V1:1:s1_b89. Deriving dynamically from scene 1 + visual_notes: ''
WARNING: [Visual Concepts Derivation Fallback] visual_concepts is missing/empty for slot A1:1:s1_b90. Deriving dynamically from scene 1 + visual_notes: ''
WARNING: [Visual Concepts Derivation Fallback] visual_concepts is missing/empty for slot V1:1:s1_b90. Deriving dynamically from scene 1 + visual_notes: ''
WARNING: [Visual Concepts Derivation Fallback] visual_concepts is missing/empty for slot A1:1:s1_b91. Deriving dynamically from scene 1 + visual_notes: ''
WARNING: [Visual Concepts Derivation Fallback] visual_concepts is missing/empty for slot V1:1:s1_b91. Deriving dynamically from scene 1 + visual_notes: ''
WARNING: [Visual Concepts Derivation Fallback] visual_concepts is missing/empty for slot A1:1:s1_b92. Deriving dynamically from scene 1 + visual_notes: ''
WARNING: [Visual Concepts Derivation Fallback] visual_concepts is missing/empty for slot V1:1:s1_b92. Deriving dynamically from scene 1 + visual_notes: ''
WARNING: [Visual Concepts Derivation Fallback] visual_concepts is missing/empty for slot A1:1:s1_b93. Deriving dynamically from scene 1 + visual_notes: ''
WARNING: [Visual Concepts Derivation Fallback] visual_concepts is missing/empty for slot V1:1:s1_b93. Deriving dynamically from scene 1 + visual_notes: ''
WARNING: [Visual Concepts Derivation Fallback] visual_concepts is missing/empty for slot A1:1:s1_b94. Deriving dynamically from scene 1 + visual_notes: ''
WARNING: [Visual Concepts Derivation Fallback] visual_concepts is missing/empty for slot V1:1:s1_b94. Deriving dynamically from scene 1 + visual_notes: ''
WARNING: [Visual Concepts Derivation Fallback] visual_concepts is missing/empty for slot A1:1:s1_b95. Deriving dynamically from scene 1 + visual_notes: ''
WARNING: [Visual Concepts Derivation Fallback] visual_concepts is missing/empty for slot V1:1:s1_b95. Deriving dynamically from scene 1 + visual_notes: ''
WARNING: [Visual Concepts Derivation Fallback] visual_concepts is missing/empty for slot A1:1:s1_b96. Deriving dynamically from scene 1 + visual_notes: ''
WARNING: [Visual Concepts Derivation Fallback] visual_concepts is missing/empty for slot V1:1:s1_b96. Deriving dynamically from scene 1 + visual_notes: ''
WARNING: [Visual Concepts Derivation Fallback] visual_concepts is missing/empty for slot A1:1:s1_b97. Deriving dynamically from scene 1 + visual_notes: ''
WARNING: [Visual Concepts Derivation Fallback] visual_concepts is missing/empty for slot V1:1:s1_b97. Deriving dynamically from scene 1 + visual_notes: ''
WARNING: [Visual Concepts Derivation Fallback] visual_concepts is missing/empty for slot A1:1:s1_b98. Deriving dynamically from scene 1 + visual_notes: ''
WARNING: [Visual Concepts Derivation Fallback] visual_concepts is missing/empty for slot V1:1:s1_b98. Deriving dynamically from scene 1 + visual_notes: ''
WARNING: [Visual Concepts Derivation Fallback] visual_concepts is missing/empty for slot A1:1:s1_b99. Deriving dynamically from scene 1 + visual_notes: ''
WARNING: [Visual Concepts Derivation Fallback] visual_concepts is missing/empty for slot V1:1:s1_b99. Deriving dynamically from scene 1 + visual_notes: ''
WARNING: [Visual Concepts Derivation Fallback] visual_concepts is missing/empty for slot A1:1:s1_b100. Deriving dynamically from scene 1 + visual_notes: ''
WARNING: [Visual Concepts Derivation Fallback] visual_concepts is missing/empty for slot V1:1:s1_b100. Deriving dynamically from scene 1 + visual_notes: ''
WARNING: [Visual Concepts Derivation Fallback] visual_concepts is missing/empty for slot A1:1:s1_b1. Deriving dynamically from scene 1 + visual_notes: ''
WARNING: [Visual Concepts Derivation Fallback] visual_concepts is missing/empty for slot V1:1:s1_b1. Deriving dynamically from scene 1 + visual_notes: ''
WARNING: [Visual Concepts Derivation Fallback] visual_concepts is missing/empty for slot A1:1:s1_b2. Deriving dynamically from scene 1 + visual_notes: ''
WARNING: [Visual Concepts Derivation Fallback] visual_concepts is missing/empty for slot V1:1:s1_b2. Deriving dynamically from scene 1 + visual_notes: ''
WARNING: [Visual Concepts Derivation Fallback] visual_concepts is missing/empty for slot A1:1:s1_b3. Deriving dynamically from scene 1 + visual_notes: ''
WARNING: [Visual Concepts Derivation Fallback] visual_concepts is missing/empty for slot V1:1:s1_b3. Deriving dynamically from scene 1 + visual_notes: ''
WARNING: [Visual Concepts Derivation Fallback] visual_concepts is missing/empty for slot A1:1:s1_b4. Deriving dynamically from scene 1 + visual_notes: ''
WARNING: [Visual Concepts Derivation Fallback] visual_concepts is missing/empty for slot V1:1:s1_b4. Deriving dynamically from scene 1 + visual_notes: ''
WARNING: [Visual Concepts Derivation Fallback] visual_concepts is missing/empty for slot A1:1:s1_b5. Deriving dynamically from scene 1 + visual_notes: ''
WARNING: [Visual Concepts Derivation Fallback] visual_concepts is missing/empty for slot V1:1:s1_b5. Deriving dynamically from scene 1 + visual_notes: ''
WARNING: [Visual Concepts Derivation Fallback] visual_concepts is missing/empty for slot A1:1:s1_b6. Deriving dynamically from scene 1 + visual_notes: ''
WARNING: [Visual Concepts Derivation Fallback] visual_concepts is missing/empty for slot V1:1:s1_b6. Deriving dynamically from scene 1 + visual_notes: ''
WARNING: [Visual Concepts Derivation Fallback] visual_concepts is missing/empty for slot A1:1:s1_b7. Deriving dynamically from scene 1 + visual_notes: ''
WARNING: [Visual Concepts Derivation Fallback] visual_concepts is missing/empty for slot V1:1:s1_b7. Deriving dynamically from scene 1 + visual_notes: ''
WARNING: [Visual Concepts Derivation Fallback] visual_concepts is missing/empty for slot A1:1:s1_b8. Deriving dynamically from scene 1 + visual_notes: ''
WARNING: [Visual Concepts Derivation Fallback] visual_concepts is missing/empty for slot V1:1:s1_b8. Deriving dynamically from scene 1 + visual_notes: ''
WARNING: [Visual Concepts Derivation Fallback] visual_concepts is missing/empty for slot A1:1:s1_b9. Deriving dynamically from scene 1 + visual_notes: ''
WARNING: [Visual Concepts Derivation Fallback] visual_concepts is missing/empty for slot V1:1:s1_b9. Deriving dynamically from scene 1 + visual_notes: ''
WARNING: [Visual Concepts Derivation Fallback] visual_concepts is missing/empty for slot A1:1:s1_b10. Deriving dynamically from scene 1 + visual_notes: ''
WARNING: [Visual Concepts Derivation Fallback] visual_concepts is missing/empty for slot V1:1:s1_b10. Deriving dynamically from scene 1 + visual_notes: ''
WARNING: [Visual Concepts Derivation Fallback] visual_concepts is missing/empty for slot A1:1:s1_b11. Deriving dynamically from scene 1 + visual_notes: ''
WARNING: [Visual Concepts Derivation Fallback] visual_concepts is missing/empty for slot V1:1:s1_b11. Deriving dynamically from scene 1 + visual_notes: ''
WARNING: [Visual Concepts Derivation Fallback] visual_concepts is missing/empty for slot A1:1:s1_b12. Deriving dynamically from scene 1 + visual_notes: ''
WARNING: [Visual Concepts Derivation Fallback] visual_concepts is missing/empty for slot V1:1:s1_b12. Deriving dynamically from scene 1 + visual_notes: ''
WARNING: [Visual Concepts Derivation Fallback] visual_concepts is missing/empty for slot A1:1:s1_b13. Deriving dynamically from scene 1 + visual_notes: ''
WARNING: [Visual Concepts Derivation Fallback] visual_concepts is missing/empty for slot V1:1:s1_b13. Deriving dynamically from scene 1 + visual_notes: ''
WARNING: [Visual Concepts Derivation Fallback] visual_concepts is missing/empty for slot A1:1:s1_b14. Deriving dynamically from scene 1 + visual_notes: ''
WARNING: [Visual Concepts Derivation Fallback] visual_concepts is missing/empty for slot V1:1:s1_b14. Deriving dynamically from scene 1 + visual_notes: ''
WARNING: [Visual Concepts Derivation Fallback] visual_concepts is missing/empty for slot A1:1:s1_b15. Deriving dynamically from scene 1 + visual_notes: ''
WARNING: [Visual Concepts Derivation Fallback] visual_concepts is missing/empty for slot V1:1:s1_b15. Deriving dynamically from scene 1 + visual_notes: ''
WARNING: [Visual Concepts Derivation Fallback] visual_concepts is missing/empty for slot A1:1:s1_b16. Deriving dynamically from scene 1 + visual_notes: ''
WARNING: [Visual Concepts Derivation Fallback] visual_concepts is missing/empty for slot V1:1:s1_b16. Deriving dynamically from scene 1 + visual_notes: ''
WARNING: [Visual Concepts Derivation Fallback] visual_concepts is missing/empty for slot A1:1:s1_b17. Deriving dynamically from scene 1 + visual_notes: ''
WARNING: [Visual Concepts Derivation Fallback] visual_concepts is missing/empty for slot V1:1:s1_b17. Deriving dynamically from scene 1 + visual_notes: ''
WARNING: [Visual Concepts Derivation Fallback] visual_concepts is missing/empty for slot A1:1:s1_b18. Deriving dynamically from scene 1 + visual_notes: ''
WARNING: [Visual Concepts Derivation Fallback] visual_concepts is missing/empty for slot V1:1:s1_b18. Deriving dynamically from scene 1 + visual_notes: ''
WARNING: [Visual Concepts Derivation Fallback] visual_concepts is missing/empty for slot A1:1:s1_b19. Deriving dynamically from scene 1 + visual_notes: ''
WARNING: [Visual Concepts Derivation Fallback] visual_concepts is missing/empty for slot V1:1:s1_b19. Deriving dynamically from scene 1 + visual_notes: ''
WARNING: [Visual Concepts Derivation Fallback] visual_concepts is missing/empty for slot A1:1:s1_b20. Deriving dynamically from scene 1 + visual_notes: ''
WARNING: [Visual Concepts Derivation Fallback] visual_concepts is missing/empty for slot V1:1:s1_b20. Deriving dynamically from scene 1 + visual_notes: ''
WARNING: [Visual Concepts Derivation Fallback] visual_concepts is missing/empty for slot A1:1:s1_b21. Deriving dynamically from scene 1 + visual_notes: ''
WARNING: [Visual Concepts Derivation Fallback] visual_concepts is missing/empty for slot V1:1:s1_b21. Deriving dynamically from scene 1 + visual_notes: ''
WARNING: [Visual Concepts Derivation Fallback] visual_concepts is missing/empty for slot A1:1:s1_b22. Deriving dynamically from scene 1 + visual_notes: ''
WARNING: [Visual Concepts Derivation Fallback] visual_concepts is missing/empty for slot V1:1:s1_b22. Deriving dynamically from scene 1 + visual_notes: ''
WARNING: [Visual Concepts Derivation Fallback] visual_concepts is missing/empty for slot A1:1:s1_b23. Deriving dynamically from scene 1 + visual_notes: ''
WARNING: [Visual Concepts Derivation Fallback] visual_concepts is missing/empty for slot V1:1:s1_b23. Deriving dynamically from scene 1 + visual_notes: ''
WARNING: [Visual Concepts Derivation Fallback] visual_concepts is missing/empty for slot A1:1:s1_b24. Deriving dynamically from scene 1 + visual_notes: ''
WARNING: [Visual Concepts Derivation Fallback] visual_concepts is missing/empty for slot V1:1:s1_b24. Deriving dynamically from scene 1 + visual_notes: ''
WARNING: [Visual Concepts Derivation Fallback] visual_concepts is missing/empty for slot A1:1:s1_b25. Deriving dynamically from scene 1 + visual_notes: ''
WARNING: [Visual Concepts Derivation Fallback] visual_concepts is missing/empty for slot V1:1:s1_b25. Deriving dynamically from scene 1 + visual_notes: ''
WARNING: [Visual Concepts Derivation Fallback] visual_concepts is missing/empty for slot A1:1:s1_b26. Deriving dynamically from scene 1 + visual_notes: ''
WARNING: [Visual Concepts Derivation Fallback] visual_concepts is missing/empty for slot V1:1:s1_b26. Deriving dynamically from scene 1 + visual_notes: ''
WARNING: [Visual Concepts Derivation Fallback] visual_concepts is missing/empty for slot A1:1:s1_b27. Deriving dynamically from scene 1 + visual_notes: ''
WARNING: [Visual Concepts Derivation Fallback] visual_concepts is missing/empty for slot V1:1:s1_b27. Deriving dynamically from scene 1 + visual_notes: ''
WARNING: [Visual Concepts Derivation Fallback] visual_concepts is missing/empty for slot A1:1:s1_b28. Deriving dynamically from scene 1 + visual_notes: ''
WARNING: [Visual Concepts Derivation Fallback] visual_concepts is missing/empty for slot V1:1:s1_b28. Deriving dynamically from scene 1 + visual_notes: ''
WARNING: [Visual Concepts Derivation Fallback] visual_concepts is missing/empty for slot A1:1:s1_b29. Deriving dynamically from scene 1 + visual_notes: ''
WARNING: [Visual Concepts Derivation Fallback] visual_concepts is missing/empty for slot V1:1:s1_b29. Deriving dynamically from scene 1 + visual_notes: ''
WARNING: [Visual Concepts Derivation Fallback] visual_concepts is missing/empty for slot A1:1:s1_b30. Deriving dynamically from scene 1 + visual_notes: ''
WARNING: [Visual Concepts Derivation Fallback] visual_concepts is missing/empty for slot V1:1:s1_b30. Deriving dynamically from scene 1 + visual_notes: ''
WARNING: [Visual Concepts Derivation Fallback] visual_concepts is missing/empty for slot A1:1:s1_b31. Deriving dynamically from scene 1 + visual_notes: ''
WARNING: [Visual Concepts Derivation Fallback] visual_concepts is missing/empty for slot V1:1:s1_b31. Deriving dynamically from scene 1 + visual_notes: ''
WARNING: [Visual Concepts Derivation Fallback] visual_concepts is missing/empty for slot A1:1:s1_b32. Deriving dynamically from scene 1 + visual_notes: ''
WARNING: [Visual Concepts Derivation Fallback] visual_concepts is missing/empty for slot V1:1:s1_b32. Deriving dynamically from scene 1 + visual_notes: ''
WARNING: [Visual Concepts Derivation Fallback] visual_concepts is missing/empty for slot A1:1:s1_b33. Deriving dynamically from scene 1 + visual_notes: ''
WARNING: [Visual Concepts Derivation Fallback] visual_concepts is missing/empty for slot V1:1:s1_b33. Deriving dynamically from scene 1 + visual_notes: ''
WARNING: [Visual Concepts Derivation Fallback] visual_concepts is missing/empty for slot A1:1:s1_b34. Deriving dynamically from scene 1 + visual_notes: ''
WARNING: [Visual Concepts Derivation Fallback] visual_concepts is missing/empty for slot V1:1:s1_b34. Deriving dynamically from scene 1 + visual_notes: ''
WARNING: [Visual Concepts Derivation Fallback] visual_concepts is missing/empty for slot A1:1:s1_b35. Deriving dynamically from scene 1 + visual_notes: ''
WARNING: [Visual Concepts Derivation Fallback] visual_concepts is missing/empty for slot V1:1:s1_b35. Deriving dynamically from scene 1 + visual_notes: ''
WARNING: [Visual Concepts Derivation Fallback] visual_concepts is missing/empty for slot A1:1:s1_b36. Deriving dynamically from scene 1 + visual_notes: ''
WARNING: [Visual Concepts Derivation Fallback] visual_concepts is missing/empty for slot V1:1:s1_b36. Deriving dynamically from scene 1 + visual_notes: ''
WARNING: [Visual Concepts Derivation Fallback] visual_concepts is missing/empty for slot A1:1:s1_b37. Deriving dynamically from scene 1 + visual_notes: ''
WARNING: [Visual Concepts Derivation Fallback] visual_concepts is missing/empty for slot V1:1:s1_b37. Deriving dynamically from scene 1 + visual_notes: ''
WARNING: [Visual Concepts Derivation Fallback] visual_concepts is missing/empty for slot A1:1:s1_b38. Deriving dynamically from scene 1 + visual_notes: ''
WARNING: [Visual Concepts Derivation Fallback] visual_concepts is missing/empty for slot V1:1:s1_b38. Deriving dynamically from scene 1 + visual_notes: ''
WARNING: [Visual Concepts Derivation Fallback] visual_concepts is missing/empty for slot A1:1:s1_b39. Deriving dynamically from scene 1 + visual_notes: ''
WARNING: [Visual Concepts Derivation Fallback] visual_concepts is missing/empty for slot V1:1:s1_b39. Deriving dynamically from scene 1 + visual_notes: ''
WARNING: [Visual Concepts Derivation Fallback] visual_concepts is missing/empty for slot A1:1:s1_b40. Deriving dynamically from scene 1 + visual_notes: ''
WARNING: [Visual Concepts Derivation Fallback] visual_concepts is missing/empty for slot V1:1:s1_b40. Deriving dynamically from scene 1 + visual_notes: ''
WARNING: [Visual Concepts Derivation Fallback] visual_concepts is missing/empty for slot A1:1:s1_b41. Deriving dynamically from scene 1 + visual_notes: ''
WARNING: [Visual Concepts Derivation Fallback] visual_concepts is missing/empty for slot V1:1:s1_b41. Deriving dynamically from scene 1 + visual_notes: ''
WARNING: [Visual Concepts Derivation Fallback] visual_concepts is missing/empty for slot A1:1:s1_b42. Deriving dynamically from scene 1 + visual_notes: ''
WARNING: [Visual Concepts Derivation Fallback] visual_concepts is missing/empty for slot V1:1:s1_b42. Deriving dynamically from scene 1 + visual_notes: ''
WARNING: [Visual Concepts Derivation Fallback] visual_concepts is missing/empty for slot A1:1:s1_b43. Deriving dynamically from scene 1 + visual_notes: ''
WARNING: [Visual Concepts Derivation Fallback] visual_concepts is missing/empty for slot V1:1:s1_b43. Deriving dynamically from scene 1 + visual_notes: ''
WARNING: [Visual Concepts Derivation Fallback] visual_concepts is missing/empty for slot A1:1:s1_b44. Deriving dynamically from scene 1 + visual_notes: ''
WARNING: [Visual Concepts Derivation Fallback] visual_concepts is missing/empty for slot V1:1:s1_b44. Deriving dynamically from scene 1 + visual_notes: ''
WARNING: [Visual Concepts Derivation Fallback] visual_concepts is missing/empty for slot A1:1:s1_b45. Deriving dynamically from scene 1 + visual_notes: ''
WARNING: [Visual Concepts Derivation Fallback] visual_concepts is missing/empty for slot V1:1:s1_b45. Deriving dynamically from scene 1 + visual_notes: ''
WARNING: [Visual Concepts Derivation Fallback] visual_concepts is missing/empty for slot A1:1:s1_b46. Deriving dynamically from scene 1 + visual_notes: ''
WARNING: [Visual Concepts Derivation Fallback] visual_concepts is missing/empty for slot V1:1:s1_b46. Deriving dynamically from scene 1 + visual_notes: ''
WARNING: [Visual Concepts Derivation Fallback] visual_concepts is missing/empty for slot A1:1:s1_b47. Deriving dynamically from scene 1 + visual_notes: ''
WARNING: [Visual Concepts Derivation Fallback] visual_concepts is missing/empty for slot V1:1:s1_b47. Deriving dynamically from scene 1 + visual_notes: ''
WARNING: [Visual Concepts Derivation Fallback] visual_concepts is missing/empty for slot A1:1:s1_b48. Deriving dynamically from scene 1 + visual_notes: ''
WARNING: [Visual Concepts Derivation Fallback] visual_concepts is missing/empty for slot V1:1:s1_b48. Deriving dynamically from scene 1 + visual_notes: ''
WARNING: [Visual Concepts Derivation Fallback] visual_concepts is missing/empty for slot A1:1:s1_b49. Deriving dynamically from scene 1 + visual_notes: ''
WARNING: [Visual Concepts Derivation Fallback] visual_concepts is missing/empty for slot V1:1:s1_b49. Deriving dynamically from scene 1 + visual_notes: ''
WARNING: [Visual Concepts Derivation Fallback] visual_concepts is missing/empty for slot A1:1:s1_b50. Deriving dynamically from scene 1 + visual_notes: ''
WARNING: [Visual Concepts Derivation Fallback] visual_concepts is missing/empty for slot V1:1:s1_b50. Deriving dynamically from scene 1 + visual_notes: ''
WARNING: [Visual Concepts Derivation Fallback] visual_concepts is missing/empty for slot A1:1:s1_b51. Deriving dynamically from scene 1 + visual_notes: ''
WARNING: [Visual Concepts Derivation Fallback] visual_concepts is missing/empty for slot V1:1:s1_b51. Deriving dynamically from scene 1 + visual_notes: ''
WARNING: [Visual Concepts Derivation Fallback] visual_concepts is missing/empty for slot A1:1:s1_b52. Deriving dynamically from scene 1 + visual_notes: ''
WARNING: [Visual Concepts Derivation Fallback] visual_concepts is missing/empty for slot V1:1:s1_b52. Deriving dynamically from scene 1 + visual_notes: ''
WARNING: [Visual Concepts Derivation Fallback] visual_concepts is missing/empty for slot A1:1:s1_b53. Deriving dynamically from scene 1 + visual_notes: ''
WARNING: [Visual Concepts Derivation Fallback] visual_concepts is missing/empty for slot V1:1:s1_b53. Deriving dynamically from scene 1 + visual_notes: ''
WARNING: [Visual Concepts Derivation Fallback] visual_concepts is missing/empty for slot A1:1:s1_b54. Deriving dynamically from scene 1 + visual_notes: ''
WARNING: [Visual Concepts Derivation Fallback] visual_concepts is missing/empty for slot V1:1:s1_b54. Deriving dynamically from scene 1 + visual_notes: ''
WARNING: [Visual Concepts Derivation Fallback] visual_concepts is missing/empty for slot A1:1:s1_b55. Deriving dynamically from scene 1 + visual_notes: ''
WARNING: [Visual Concepts Derivation Fallback] visual_concepts is missing/empty for slot V1:1:s1_b55. Deriving dynamically from scene 1 + visual_notes: ''
WARNING: [Visual Concepts Derivation Fallback] visual_concepts is missing/empty for slot A1:1:s1_b56. Deriving dynamically from scene 1 + visual_notes: ''
WARNING: [Visual Concepts Derivation Fallback] visual_concepts is missing/empty for slot V1:1:s1_b56. Deriving dynamically from scene 1 + visual_notes: ''
WARNING: [Visual Concepts Derivation Fallback] visual_concepts is missing/empty for slot A1:1:s1_b57. Deriving dynamically from scene 1 + visual_notes: ''
WARNING: [Visual Concepts Derivation Fallback] visual_concepts is missing/empty for slot V1:1:s1_b57. Deriving dynamically from scene 1 + visual_notes: ''
WARNING: [Visual Concepts Derivation Fallback] visual_concepts is missing/empty for slot A1:1:s1_b58. Deriving dynamically from scene 1 + visual_notes: ''
WARNING: [Visual Concepts Derivation Fallback] visual_concepts is missing/empty for slot V1:1:s1_b58. Deriving dynamically from scene 1 + visual_notes: ''
WARNING: [Visual Concepts Derivation Fallback] visual_concepts is missing/empty for slot A1:1:s1_b59. Deriving dynamically from scene 1 + visual_notes: ''
WARNING: [Visual Concepts Derivation Fallback] visual_concepts is missing/empty for slot V1:1:s1_b59. Deriving dynamically from scene 1 + visual_notes: ''
WARNING: [Visual Concepts Derivation Fallback] visual_concepts is missing/empty for slot A1:1:s1_b60. Deriving dynamically from scene 1 + visual_notes: ''
WARNING: [Visual Concepts Derivation Fallback] visual_concepts is missing/empty for slot V1:1:s1_b60. Deriving dynamically from scene 1 + visual_notes: ''
WARNING: [Visual Concepts Derivation Fallback] visual_concepts is missing/empty for slot A1:1:s1_b61. Deriving dynamically from scene 1 + visual_notes: ''
WARNING: [Visual Concepts Derivation Fallback] visual_concepts is missing/empty for slot V1:1:s1_b61. Deriving dynamically from scene 1 + visual_notes: ''
WARNING: [Visual Concepts Derivation Fallback] visual_concepts is missing/empty for slot A1:1:s1_b62. Deriving dynamically from scene 1 + visual_notes: ''
WARNING: [Visual Concepts Derivation Fallback] visual_concepts is missing/empty for slot V1:1:s1_b62. Deriving dynamically from scene 1 + visual_notes: ''
WARNING: [Visual Concepts Derivation Fallback] visual_concepts is missing/empty for slot A1:1:s1_b63. Deriving dynamically from scene 1 + visual_notes: ''
WARNING: [Visual Concepts Derivation Fallback] visual_concepts is missing/empty for slot V1:1:s1_b63. Deriving dynamically from scene 1 + visual_notes: ''
WARNING: [Visual Concepts Derivation Fallback] visual_concepts is missing/empty for slot A1:1:s1_b64. Deriving dynamically from scene 1 + visual_notes: ''
WARNING: [Visual Concepts Derivation Fallback] visual_concepts is missing/empty for slot V1:1:s1_b64. Deriving dynamically from scene 1 + visual_notes: ''
WARNING: [Visual Concepts Derivation Fallback] visual_concepts is missing/empty for slot A1:1:s1_b65. Deriving dynamically from scene 1 + visual_notes: ''
WARNING: [Visual Concepts Derivation Fallback] visual_concepts is missing/empty for slot V1:1:s1_b65. Deriving dynamically from scene 1 + visual_notes: ''
WARNING: [Visual Concepts Derivation Fallback] visual_concepts is missing/empty for slot A1:1:s1_b66. Deriving dynamically from scene 1 + visual_notes: ''
WARNING: [Visual Concepts Derivation Fallback] visual_concepts is missing/empty for slot V1:1:s1_b66. Deriving dynamically from scene 1 + visual_notes: ''
WARNING: [Visual Concepts Derivation Fallback] visual_concepts is missing/empty for slot A1:1:s1_b67. Deriving dynamically from scene 1 + visual_notes: ''
WARNING: [Visual Concepts Derivation Fallback] visual_concepts is missing/empty for slot V1:1:s1_b67. Deriving dynamically from scene 1 + visual_notes: ''
WARNING: [Visual Concepts Derivation Fallback] visual_concepts is missing/empty for slot A1:1:s1_b68. Deriving dynamically from scene 1 + visual_notes: ''
WARNING: [Visual Concepts Derivation Fallback] visual_concepts is missing/empty for slot V1:1:s1_b68. Deriving dynamically from scene 1 + visual_notes: ''
WARNING: [Visual Concepts Derivation Fallback] visual_concepts is missing/empty for slot A1:1:s1_b69. Deriving dynamically from scene 1 + visual_notes: ''
WARNING: [Visual Concepts Derivation Fallback] visual_concepts is missing/empty for slot V1:1:s1_b69. Deriving dynamically from scene 1 + visual_notes: ''
WARNING: [Visual Concepts Derivation Fallback] visual_concepts is missing/empty for slot A1:1:s1_b70. Deriving dynamically from scene 1 + visual_notes: ''
WARNING: [Visual Concepts Derivation Fallback] visual_concepts is missing/empty for slot V1:1:s1_b70. Deriving dynamically from scene 1 + visual_notes: ''
WARNING: [Visual Concepts Derivation Fallback] visual_concepts is missing/empty for slot A1:1:s1_b71. Deriving dynamically from scene 1 + visual_notes: ''
WARNING: [Visual Concepts Derivation Fallback] visual_concepts is missing/empty for slot V1:1:s1_b71. Deriving dynamically from scene 1 + visual_notes: ''
WARNING: [Visual Concepts Derivation Fallback] visual_concepts is missing/empty for slot A1:1:s1_b72. Deriving dynamically from scene 1 + visual_notes: ''
WARNING: [Visual Concepts Derivation Fallback] visual_concepts is missing/empty for slot V1:1:s1_b72. Deriving dynamically from scene 1 + visual_notes: ''
WARNING: [Visual Concepts Derivation Fallback] visual_concepts is missing/empty for slot A1:1:s1_b73. Deriving dynamically from scene 1 + visual_notes: ''
WARNING: [Visual Concepts Derivation Fallback] visual_concepts is missing/empty for slot V1:1:s1_b73. Deriving dynamically from scene 1 + visual_notes: ''
WARNING: [Visual Concepts Derivation Fallback] visual_concepts is missing/empty for slot A1:1:s1_b74. Deriving dynamically from scene 1 + visual_notes: ''
WARNING: [Visual Concepts Derivation Fallback] visual_concepts is missing/empty for slot V1:1:s1_b74. Deriving dynamically from scene 1 + visual_notes: ''
WARNING: [Visual Concepts Derivation Fallback] visual_concepts is missing/empty for slot A1:1:s1_b75. Deriving dynamically from scene 1 + visual_notes: ''
WARNING: [Visual Concepts Derivation Fallback] visual_concepts is missing/empty for slot V1:1:s1_b75. Deriving dynamically from scene 1 + visual_notes: ''
WARNING: [Visual Concepts Derivation Fallback] visual_concepts is missing/empty for slot A1:1:s1_b76. Deriving dynamically from scene 1 + visual_notes: ''
WARNING: [Visual Concepts Derivation Fallback] visual_concepts is missing/empty for slot V1:1:s1_b76. Deriving dynamically from scene 1 + visual_notes: ''
WARNING: [Visual Concepts Derivation Fallback] visual_concepts is missing/empty for slot A1:1:s1_b77. Deriving dynamically from scene 1 + visual_notes: ''
WARNING: [Visual Concepts Derivation Fallback] visual_concepts is missing/empty for slot V1:1:s1_b77. Deriving dynamically from scene 1 + visual_notes: ''
WARNING: [Visual Concepts Derivation Fallback] visual_concepts is missing/empty for slot A1:1:s1_b78. Deriving dynamically from scene 1 + visual_notes: ''
WARNING: [Visual Concepts Derivation Fallback] visual_concepts is missing/empty for slot V1:1:s1_b78. Deriving dynamically from scene 1 + visual_notes: ''
WARNING: [Visual Concepts Derivation Fallback] visual_concepts is missing/empty for slot A1:1:s1_b79. Deriving dynamically from scene 1 + visual_notes: ''
WARNING: [Visual Concepts Derivation Fallback] visual_concepts is missing/empty for slot V1:1:s1_b79. Deriving dynamically from scene 1 + visual_notes: ''
WARNING: [Visual Concepts Derivation Fallback] visual_concepts is missing/empty for slot A1:1:s1_b80. Deriving dynamically from scene 1 + visual_notes: ''
WARNING: [Visual Concepts Derivation Fallback] visual_concepts is missing/empty for slot V1:1:s1_b80. Deriving dynamically from scene 1 + visual_notes: ''
WARNING: [Visual Concepts Derivation Fallback] visual_concepts is missing/empty for slot A1:1:s1_b81. Deriving dynamically from scene 1 + visual_notes: ''
WARNING: [Visual Concepts Derivation Fallback] visual_concepts is missing/empty for slot V1:1:s1_b81. Deriving dynamically from scene 1 + visual_notes: ''
WARNING: [Visual Concepts Derivation Fallback] visual_concepts is missing/empty for slot A1:1:s1_b82. Deriving dynamically from scene 1 + visual_notes: ''
WARNING: [Visual Concepts Derivation Fallback] visual_concepts is missing/empty for slot V1:1:s1_b82. Deriving dynamically from scene 1 + visual_notes: ''
WARNING: [Visual Concepts Derivation Fallback] visual_concepts is missing/empty for slot A1:1:s1_b83. Deriving dynamically from scene 1 + visual_notes: ''
WARNING: [Visual Concepts Derivation Fallback] visual_concepts is missing/empty for slot V1:1:s1_b83. Deriving dynamically from scene 1 + visual_notes: ''
WARNING: [Visual Concepts Derivation Fallback] visual_concepts is missing/empty for slot A1:1:s1_b84. Deriving dynamically from scene 1 + visual_notes: ''
WARNING: [Visual Concepts Derivation Fallback] visual_concepts is missing/empty for slot V1:1:s1_b84. Deriving dynamically from scene 1 + visual_notes: ''
WARNING: [Visual Concepts Derivation Fallback] visual_concepts is missing/empty for slot A1:1:s1_b85. Deriving dynamically from scene 1 + visual_notes: ''
WARNING: [Visual Concepts Derivation Fallback] visual_concepts is missing/empty for slot V1:1:s1_b85. Deriving dynamically from scene 1 + visual_notes: ''
WARNING: [Visual Concepts Derivation Fallback] visual_concepts is missing/empty for slot A1:1:s1_b86. Deriving dynamically from scene 1 + visual_notes: ''
WARNING: [Visual Concepts Derivation Fallback] visual_concepts is missing/empty for slot V1:1:s1_b86. Deriving dynamically from scene 1 + visual_notes: ''
WARNING: [Visual Concepts Derivation Fallback] visual_concepts is missing/empty for slot A1:1:s1_b87. Deriving dynamically from scene 1 + visual_notes: ''
WARNING: [Visual Concepts Derivation Fallback] visual_concepts is missing/empty for slot V1:1:s1_b87. Deriving dynamically from scene 1 + visual_notes: ''
WARNING: [Visual Concepts Derivation Fallback] visual_concepts is missing/empty for slot A1:1:s1_b88. Deriving dynamically from scene 1 + visual_notes: ''
WARNING: [Visual Concepts Derivation Fallback] visual_concepts is missing/empty for slot V1:1:s1_b88. Deriving dynamically from scene 1 + visual_notes: ''
WARNING: [Visual Concepts Derivation Fallback] visual_concepts is missing/empty for slot A1:1:s1_b89. Deriving dynamically from scene 1 + visual_notes: ''
WARNING: [Visual Concepts Derivation Fallback] visual_concepts is missing/empty for slot V1:1:s1_b89. Deriving dynamically from scene 1 + visual_notes: ''
WARNING: [Visual Concepts Derivation Fallback] visual_concepts is missing/empty for slot A1:1:s1_b90. Deriving dynamically from scene 1 + visual_notes: ''
WARNING: [Visual Concepts Derivation Fallback] visual_concepts is missing/empty for slot V1:1:s1_b90. Deriving dynamically from scene 1 + visual_notes: ''
WARNING: [Visual Concepts Derivation Fallback] visual_concepts is missing/empty for slot A1:1:s1_b91. Deriving dynamically from scene 1 + visual_notes: ''
WARNING: [Visual Concepts Derivation Fallback] visual_concepts is missing/empty for slot V1:1:s1_b91. Deriving dynamically from scene 1 + visual_notes: ''
WARNING: [Visual Concepts Derivation Fallback] visual_concepts is missing/empty for slot A1:1:s1_b92. Deriving dynamically from scene 1 + visual_notes: ''
WARNING: [Visual Concepts Derivation Fallback] visual_concepts is missing/empty for slot V1:1:s1_b92. Deriving dynamically from scene 1 + visual_notes: ''
WARNING: [Visual Concepts Derivation Fallback] visual_concepts is missing/empty for slot A1:1:s1_b93. Deriving dynamically from scene 1 + visual_notes: ''
WARNING: [Visual Concepts Derivation Fallback] visual_concepts is missing/empty for slot V1:1:s1_b93. Deriving dynamically from scene 1 + visual_notes: ''
WARNING: [Visual Concepts Derivation Fallback] visual_concepts is missing/empty for slot A1:1:s1_b94. Deriving dynamically from scene 1 + visual_notes: ''
WARNING: [Visual Concepts Derivation Fallback] visual_concepts is missing/empty for slot V1:1:s1_b94. Deriving dynamically from scene 1 + visual_notes: ''
WARNING: [Visual Concepts Derivation Fallback] visual_concepts is missing/empty for slot A1:1:s1_b95. Deriving dynamically from scene 1 + visual_notes: ''
WARNING: [Visual Concepts Derivation Fallback] visual_concepts is missing/empty for slot V1:1:s1_b95. Deriving dynamically from scene 1 + visual_notes: ''
WARNING: [Visual Concepts Derivation Fallback] visual_concepts is missing/empty for slot A1:1:s1_b96. Deriving dynamically from scene 1 + visual_notes: ''
WARNING: [Visual Concepts Derivation Fallback] visual_concepts is missing/empty for slot V1:1:s1_b96. Deriving dynamically from scene 1 + visual_notes: ''
WARNING: [Visual Concepts Derivation Fallback] visual_concepts is missing/empty for slot A1:1:s1_b97. Deriving dynamically from scene 1 + visual_notes: ''
WARNING: [Visual Concepts Derivation Fallback] visual_concepts is missing/empty for slot V1:1:s1_b97. Deriving dynamically from scene 1 + visual_notes: ''
WARNING: [Visual Concepts Derivation Fallback] visual_concepts is missing/empty for slot A1:1:s1_b98. Deriving dynamically from scene 1 + visual_notes: ''
WARNING: [Visual Concepts Derivation Fallback] visual_concepts is missing/empty for slot V1:1:s1_b98. Deriving dynamically from scene 1 + visual_notes: ''
WARNING: [Visual Concepts Derivation Fallback] visual_concepts is missing/empty for slot A1:1:s1_b99. Deriving dynamically from scene 1 + visual_notes: ''
WARNING: [Visual Concepts Derivation Fallback] visual_concepts is missing/empty for slot V1:1:s1_b99. Deriving dynamically from scene 1 + visual_notes: ''
WARNING: [Visual Concepts Derivation Fallback] visual_concepts is missing/empty for slot A1:1:s1_b100. Deriving dynamically from scene 1 + visual_notes: ''
WARNING: [Visual Concepts Derivation Fallback] visual_concepts is missing/empty for slot V1:1:s1_b100. Deriving dynamically from scene 1 + visual_notes: ''
WARNING: [Visual Concepts Derivation Fallback] visual_concepts is missing/empty for slot A1:1:s1_b1. Deriving dynamically from scene 1 + visual_notes: ''
WARNING: [Visual Concepts Derivation Fallback] visual_concepts is missing/empty for slot V1:1:s1_b1. Deriving dynamically from scene 1 + visual_notes: ''
WARNING: [Visual Concepts Derivation Fallback] visual_concepts is missing/empty for slot A1:1:s1_b2. Deriving dynamically from scene 1 + visual_notes: ''
WARNING: [Visual Concepts Derivation Fallback] visual_concepts is missing/empty for slot V1:1:s1_b2. Deriving dynamically from scene 1 + visual_notes: ''
WARNING: [Visual Concepts Derivation Fallback] visual_concepts is missing/empty for slot A1:1:s1_b3. Deriving dynamically from scene 1 + visual_notes: ''
WARNING: [Visual Concepts Derivation Fallback] visual_concepts is missing/empty for slot V1:1:s1_b3. Deriving dynamically from scene 1 + visual_notes: ''
WARNING: [Visual Concepts Derivation Fallback] visual_concepts is missing/empty for slot A1:1:s1_b4. Deriving dynamically from scene 1 + visual_notes: ''
WARNING: [Visual Concepts Derivation Fallback] visual_concepts is missing/empty for slot V1:1:s1_b4. Deriving dynamically from scene 1 + visual_notes: ''
WARNING: [Visual Concepts Derivation Fallback] visual_concepts is missing/empty for slot A1:1:s1_b5. Deriving dynamically from scene 1 + visual_notes: ''
WARNING: [Visual Concepts Derivation Fallback] visual_concepts is missing/empty for slot V1:1:s1_b5. Deriving dynamically from scene 1 + visual_notes: ''
WARNING: [Visual Concepts Derivation Fallback] visual_concepts is missing/empty for slot A1:1:s1_b6. Deriving dynamically from scene 1 + visual_notes: ''
WARNING: [Visual Concepts Derivation Fallback] visual_concepts is missing/empty for slot V1:1:s1_b6. Deriving dynamically from scene 1 + visual_notes: ''
WARNING: [Visual Concepts Derivation Fallback] visual_concepts is missing/empty for slot A1:1:s1_b7. Deriving dynamically from scene 1 + visual_notes: ''
WARNING: [Visual Concepts Derivation Fallback] visual_concepts is missing/empty for slot V1:1:s1_b7. Deriving dynamically from scene 1 + visual_notes: ''
WARNING: [Visual Concepts Derivation Fallback] visual_concepts is missing/empty for slot A1:1:s1_b8. Deriving dynamically from scene 1 + visual_notes: ''
WARNING: [Visual Concepts Derivation Fallback] visual_concepts is missing/empty for slot V1:1:s1_b8. Deriving dynamically from scene 1 + visual_notes: ''
WARNING: [Visual Concepts Derivation Fallback] visual_concepts is missing/empty for slot A1:1:s1_b9. Deriving dynamically from scene 1 + visual_notes: ''
WARNING: [Visual Concepts Derivation Fallback] visual_concepts is missing/empty for slot V1:1:s1_b9. Deriving dynamically from scene 1 + visual_notes: ''
WARNING: [Visual Concepts Derivation Fallback] visual_concepts is missing/empty for slot A1:1:s1_b10. Deriving dynamically from scene 1 + visual_notes: ''
WARNING: [Visual Concepts Derivation Fallback] visual_concepts is missing/empty for slot V1:1:s1_b10. Deriving dynamically from scene 1 + visual_notes: ''
WARNING: [Visual Concepts Derivation Fallback] visual_concepts is missing/empty for slot A1:1:s1_b11. Deriving dynamically from scene 1 + visual_notes: ''
WARNING: [Visual Concepts Derivation Fallback] visual_concepts is missing/empty for slot V1:1:s1_b11. Deriving dynamically from scene 1 + visual_notes: ''
WARNING: [Visual Concepts Derivation Fallback] visual_concepts is missing/empty for slot A1:1:s1_b12. Deriving dynamically from scene 1 + visual_notes: ''
WARNING: [Visual Concepts Derivation Fallback] visual_concepts is missing/empty for slot V1:1:s1_b12. Deriving dynamically from scene 1 + visual_notes: ''
WARNING: [Visual Concepts Derivation Fallback] visual_concepts is missing/empty for slot A1:1:s1_b13. Deriving dynamically from scene 1 + visual_notes: ''
WARNING: [Visual Concepts Derivation Fallback] visual_concepts is missing/empty for slot V1:1:s1_b13. Deriving dynamically from scene 1 + visual_notes: ''
WARNING: [Visual Concepts Derivation Fallback] visual_concepts is missing/empty for slot A1:1:s1_b14. Deriving dynamically from scene 1 + visual_notes: ''
WARNING: [Visual Concepts Derivation Fallback] visual_concepts is missing/empty for slot V1:1:s1_b14. Deriving dynamically from scene 1 + visual_notes: ''
WARNING: [Visual Concepts Derivation Fallback] visual_concepts is missing/empty for slot A1:1:s1_b15. Deriving dynamically from scene 1 + visual_notes: ''
WARNING: [Visual Concepts Derivation Fallback] visual_concepts is missing/empty for slot V1:1:s1_b15. Deriving dynamically from scene 1 + visual_notes: ''
WARNING: [Visual Concepts Derivation Fallback] visual_concepts is missing/empty for slot A1:1:s1_b16. Deriving dynamically from scene 1 + visual_notes: ''
WARNING: [Visual Concepts Derivation Fallback] visual_concepts is missing/empty for slot V1:1:s1_b16. Deriving dynamically from scene 1 + visual_notes: ''
WARNING: [Visual Concepts Derivation Fallback] visual_concepts is missing/empty for slot A1:1:s1_b17. Deriving dynamically from scene 1 + visual_notes: ''
WARNING: [Visual Concepts Derivation Fallback] visual_concepts is missing/empty for slot V1:1:s1_b17. Deriving dynamically from scene 1 + visual_notes: ''
WARNING: [Visual Concepts Derivation Fallback] visual_concepts is missing/empty for slot A1:1:s1_b18. Deriving dynamically from scene 1 + visual_notes: ''
WARNING: [Visual Concepts Derivation Fallback] visual_concepts is missing/empty for slot V1:1:s1_b18. Deriving dynamically from scene 1 + visual_notes: ''
WARNING: [Visual Concepts Derivation Fallback] visual_concepts is missing/empty for slot A1:1:s1_b19. Deriving dynamically from scene 1 + visual_notes: ''
WARNING: [Visual Concepts Derivation Fallback] visual_concepts is missing/empty for slot V1:1:s1_b19. Deriving dynamically from scene 1 + visual_notes: ''
WARNING: [Visual Concepts Derivation Fallback] visual_concepts is missing/empty for slot A1:1:s1_b20. Deriving dynamically from scene 1 + visual_notes: ''
WARNING: [Visual Concepts Derivation Fallback] visual_concepts is missing/empty for slot V1:1:s1_b20. Deriving dynamically from scene 1 + visual_notes: ''
WARNING: [Visual Concepts Derivation Fallback] visual_concepts is missing/empty for slot A1:1:s1_b21. Deriving dynamically from scene 1 + visual_notes: ''
WARNING: [Visual Concepts Derivation Fallback] visual_concepts is missing/empty for slot V1:1:s1_b21. Deriving dynamically from scene 1 + visual_notes: ''
WARNING: [Visual Concepts Derivation Fallback] visual_concepts is missing/empty for slot A1:1:s1_b22. Deriving dynamically from scene 1 + visual_notes: ''
WARNING: [Visual Concepts Derivation Fallback] visual_concepts is missing/empty for slot V1:1:s1_b22. Deriving dynamically from scene 1 + visual_notes: ''
WARNING: [Visual Concepts Derivation Fallback] visual_concepts is missing/empty for slot A1:1:s1_b23. Deriving dynamically from scene 1 + visual_notes: ''
WARNING: [Visual Concepts Derivation Fallback] visual_concepts is missing/empty for slot V1:1:s1_b23. Deriving dynamically from scene 1 + visual_notes: ''
WARNING: [Visual Concepts Derivation Fallback] visual_concepts is missing/empty for slot A1:1:s1_b24. Deriving dynamically from scene 1 + visual_notes: ''
WARNING: [Visual Concepts Derivation Fallback] visual_concepts is missing/empty for slot V1:1:s1_b24. Deriving dynamically from scene 1 + visual_notes: ''
WARNING: [Visual Concepts Derivation Fallback] visual_concepts is missing/empty for slot A1:1:s1_b25. Deriving dynamically from scene 1 + visual_notes: ''
WARNING: [Visual Concepts Derivation Fallback] visual_concepts is missing/empty for slot V1:1:s1_b25. Deriving dynamically from scene 1 + visual_notes: ''
WARNING: [Visual Concepts Derivation Fallback] visual_concepts is missing/empty for slot A1:1:s1_b26. Deriving dynamically from scene 1 + visual_notes: ''
WARNING: [Visual Concepts Derivation Fallback] visual_concepts is missing/empty for slot V1:1:s1_b26. Deriving dynamically from scene 1 + visual_notes: ''
WARNING: [Visual Concepts Derivation Fallback] visual_concepts is missing/empty for slot A1:1:s1_b27. Deriving dynamically from scene 1 + visual_notes: ''
WARNING: [Visual Concepts Derivation Fallback] visual_concepts is missing/empty for slot V1:1:s1_b27. Deriving dynamically from scene 1 + visual_notes: ''
WARNING: [Visual Concepts Derivation Fallback] visual_concepts is missing/empty for slot A1:1:s1_b28. Deriving dynamically from scene 1 + visual_notes: ''
WARNING: [Visual Concepts Derivation Fallback] visual_concepts is missing/empty for slot V1:1:s1_b28. Deriving dynamically from scene 1 + visual_notes: ''
WARNING: [Visual Concepts Derivation Fallback] visual_concepts is missing/empty for slot A1:1:s1_b29. Deriving dynamically from scene 1 + visual_notes: ''
WARNING: [Visual Concepts Derivation Fallback] visual_concepts is missing/empty for slot V1:1:s1_b29. Deriving dynamically from scene 1 + visual_notes: ''
WARNING: [Visual Concepts Derivation Fallback] visual_concepts is missing/empty for slot A1:1:s1_b30. Deriving dynamically from scene 1 + visual_notes: ''
WARNING: [Visual Concepts Derivation Fallback] visual_concepts is missing/empty for slot V1:1:s1_b30. Deriving dynamically from scene 1 + visual_notes: ''
WARNING: [Visual Concepts Derivation Fallback] visual_concepts is missing/empty for slot A1:1:s1_b31. Deriving dynamically from scene 1 + visual_notes: ''
WARNING: [Visual Concepts Derivation Fallback] visual_concepts is missing/empty for slot V1:1:s1_b31. Deriving dynamically from scene 1 + visual_notes: ''
WARNING: [Visual Concepts Derivation Fallback] visual_concepts is missing/empty for slot A1:1:s1_b32. Deriving dynamically from scene 1 + visual_notes: ''
WARNING: [Visual Concepts Derivation Fallback] visual_concepts is missing/empty for slot V1:1:s1_b32. Deriving dynamically from scene 1 + visual_notes: ''
WARNING: [Visual Concepts Derivation Fallback] visual_concepts is missing/empty for slot A1:1:s1_b33. Deriving dynamically from scene 1 + visual_notes: ''
WARNING: [Visual Concepts Derivation Fallback] visual_concepts is missing/empty for slot V1:1:s1_b33. Deriving dynamically from scene 1 + visual_notes: ''
WARNING: [Visual Concepts Derivation Fallback] visual_concepts is missing/empty for slot A1:1:s1_b34. Deriving dynamically from scene 1 + visual_notes: ''
WARNING: [Visual Concepts Derivation Fallback] visual_concepts is missing/empty for slot V1:1:s1_b34. Deriving dynamically from scene 1 + visual_notes: ''
WARNING: [Visual Concepts Derivation Fallback] visual_concepts is missing/empty for slot A1:1:s1_b35. Deriving dynamically from scene 1 + visual_notes: ''
WARNING: [Visual Concepts Derivation Fallback] visual_concepts is missing/empty for slot V1:1:s1_b35. Deriving dynamically from scene 1 + visual_notes: ''
WARNING: [Visual Concepts Derivation Fallback] visual_concepts is missing/empty for slot A1:1:s1_b36. Deriving dynamically from scene 1 + visual_notes: ''
WARNING: [Visual Concepts Derivation Fallback] visual_concepts is missing/empty for slot V1:1:s1_b36. Deriving dynamically from scene 1 + visual_notes: ''
WARNING: [Visual Concepts Derivation Fallback] visual_concepts is missing/empty for slot A1:1:s1_b37. Deriving dynamically from scene 1 + visual_notes: ''
WARNING: [Visual Concepts Derivation Fallback] visual_concepts is missing/empty for slot V1:1:s1_b37. Deriving dynamically from scene 1 + visual_notes: ''
WARNING: [Visual Concepts Derivation Fallback] visual_concepts is missing/empty for slot A1:1:s1_b38. Deriving dynamically from scene 1 + visual_notes: ''
WARNING: [Visual Concepts Derivation Fallback] visual_concepts is missing/empty for slot V1:1:s1_b38. Deriving dynamically from scene 1 + visual_notes: ''
WARNING: [Visual Concepts Derivation Fallback] visual_concepts is missing/empty for slot A1:1:s1_b39. Deriving dynamically from scene 1 + visual_notes: ''
WARNING: [Visual Concepts Derivation Fallback] visual_concepts is missing/empty for slot V1:1:s1_b39. Deriving dynamically from scene 1 + visual_notes: ''
WARNING: [Visual Concepts Derivation Fallback] visual_concepts is missing/empty for slot A1:1:s1_b40. Deriving dynamically from scene 1 + visual_notes: ''
WARNING: [Visual Concepts Derivation Fallback] visual_concepts is missing/empty for slot V1:1:s1_b40. Deriving dynamically from scene 1 + visual_notes: ''
WARNING: [Visual Concepts Derivation Fallback] visual_concepts is missing/empty for slot A1:1:s1_b41. Deriving dynamically from scene 1 + visual_notes: ''
WARNING: [Visual Concepts Derivation Fallback] visual_concepts is missing/empty for slot V1:1:s1_b41. Deriving dynamically from scene 1 + visual_notes: ''
WARNING: [Visual Concepts Derivation Fallback] visual_concepts is missing/empty for slot A1:1:s1_b42. Deriving dynamically from scene 1 + visual_notes: ''
WARNING: [Visual Concepts Derivation Fallback] visual_concepts is missing/empty for slot V1:1:s1_b42. Deriving dynamically from scene 1 + visual_notes: ''
WARNING: [Visual Concepts Derivation Fallback] visual_concepts is missing/empty for slot A1:1:s1_b43. Deriving dynamically from scene 1 + visual_notes: ''
WARNING: [Visual Concepts Derivation Fallback] visual_concepts is missing/empty for slot V1:1:s1_b43. Deriving dynamically from scene 1 + visual_notes: ''
WARNING: [Visual Concepts Derivation Fallback] visual_concepts is missing/empty for slot A1:1:s1_b44. Deriving dynamically from scene 1 + visual_notes: ''
WARNING: [Visual Concepts Derivation Fallback] visual_concepts is missing/empty for slot V1:1:s1_b44. Deriving dynamically from scene 1 + visual_notes: ''
WARNING: [Visual Concepts Derivation Fallback] visual_concepts is missing/empty for slot A1:1:s1_b45. Deriving dynamically from scene 1 + visual_notes: ''
WARNING: [Visual Concepts Derivation Fallback] visual_concepts is missing/empty for slot V1:1:s1_b45. Deriving dynamically from scene 1 + visual_notes: ''
WARNING: [Visual Concepts Derivation Fallback] visual_concepts is missing/empty for slot A1:1:s1_b46. Deriving dynamically from scene 1 + visual_notes: ''
WARNING: [Visual Concepts Derivation Fallback] visual_concepts is missing/empty for slot V1:1:s1_b46. Deriving dynamically from scene 1 + visual_notes: ''
WARNING: [Visual Concepts Derivation Fallback] visual_concepts is missing/empty for slot A1:1:s1_b47. Deriving dynamically from scene 1 + visual_notes: ''
WARNING: [Visual Concepts Derivation Fallback] visual_concepts is missing/empty for slot V1:1:s1_b47. Deriving dynamically from scene 1 + visual_notes: ''
WARNING: [Visual Concepts Derivation Fallback] visual_concepts is missing/empty for slot A1:1:s1_b48. Deriving dynamically from scene 1 + visual_notes: ''
WARNING: [Visual Concepts Derivation Fallback] visual_concepts is missing/empty for slot V1:1:s1_b48. Deriving dynamically from scene 1 + visual_notes: ''
WARNING: [Visual Concepts Derivation Fallback] visual_concepts is missing/empty for slot A1:1:s1_b49. Deriving dynamically from scene 1 + visual_notes: ''
WARNING: [Visual Concepts Derivation Fallback] visual_concepts is missing/empty for slot V1:1:s1_b49. Deriving dynamically from scene 1 + visual_notes: ''
WARNING: [Visual Concepts Derivation Fallback] visual_concepts is missing/empty for slot A1:1:s1_b50. Deriving dynamically from scene 1 + visual_notes: ''
WARNING: [Visual Concepts Derivation Fallback] visual_concepts is missing/empty for slot V1:1:s1_b50. Deriving dynamically from scene 1 + visual_notes: ''
WARNING: [Visual Concepts Derivation Fallback] visual_concepts is missing/empty for slot A1:1:s1_b51. Deriving dynamically from scene 1 + visual_notes: ''
WARNING: [Visual Concepts Derivation Fallback] visual_concepts is missing/empty for slot V1:1:s1_b51. Deriving dynamically from scene 1 + visual_notes: ''
WARNING: [Visual Concepts Derivation Fallback] visual_concepts is missing/empty for slot A1:1:s1_b52. Deriving dynamically from scene 1 + visual_notes: ''
WARNING: [Visual Concepts Derivation Fallback] visual_concepts is missing/empty for slot V1:1:s1_b52. Deriving dynamically from scene 1 + visual_notes: ''
WARNING: [Visual Concepts Derivation Fallback] visual_concepts is missing/empty for slot A1:1:s1_b53. Deriving dynamically from scene 1 + visual_notes: ''
WARNING: [Visual Concepts Derivation Fallback] visual_concepts is missing/empty for slot V1:1:s1_b53. Deriving dynamically from scene 1 + visual_notes: ''
WARNING: [Visual Concepts Derivation Fallback] visual_concepts is missing/empty for slot A1:1:s1_b54. Deriving dynamically from scene 1 + visual_notes: ''
WARNING: [Visual Concepts Derivation Fallback] visual_concepts is missing/empty for slot V1:1:s1_b54. Deriving dynamically from scene 1 + visual_notes: ''
WARNING: [Visual Concepts Derivation Fallback] visual_concepts is missing/empty for slot A1:1:s1_b55. Deriving dynamically from scene 1 + visual_notes: ''
WARNING: [Visual Concepts Derivation Fallback] visual_concepts is missing/empty for slot V1:1:s1_b55. Deriving dynamically from scene 1 + visual_notes: ''
WARNING: [Visual Concepts Derivation Fallback] visual_concepts is missing/empty for slot A1:1:s1_b56. Deriving dynamically from scene 1 + visual_notes: ''
WARNING: [Visual Concepts Derivation Fallback] visual_concepts is missing/empty for slot V1:1:s1_b56. Deriving dynamically from scene 1 + visual_notes: ''
WARNING: [Visual Concepts Derivation Fallback] visual_concepts is missing/empty for slot A1:1:s1_b57. Deriving dynamically from scene 1 + visual_notes: ''
WARNING: [Visual Concepts Derivation Fallback] visual_concepts is missing/empty for slot V1:1:s1_b57. Deriving dynamically from scene 1 + visual_notes: ''
WARNING: [Visual Concepts Derivation Fallback] visual_concepts is missing/empty for slot A1:1:s1_b58. Deriving dynamically from scene 1 + visual_notes: ''
WARNING: [Visual Concepts Derivation Fallback] visual_concepts is missing/empty for slot V1:1:s1_b58. Deriving dynamically from scene 1 + visual_notes: ''
WARNING: [Visual Concepts Derivation Fallback] visual_concepts is missing/empty for slot A1:1:s1_b59. Deriving dynamically from scene 1 + visual_notes: ''
WARNING: [Visual Concepts Derivation Fallback] visual_concepts is missing/empty for slot V1:1:s1_b59. Deriving dynamically from scene 1 + visual_notes: ''
WARNING: [Visual Concepts Derivation Fallback] visual_concepts is missing/empty for slot A1:1:s1_b60. Deriving dynamically from scene 1 + visual_notes: ''
WARNING: [Visual Concepts Derivation Fallback] visual_concepts is missing/empty for slot V1:1:s1_b60. Deriving dynamically from scene 1 + visual_notes: ''
WARNING: [Visual Concepts Derivation Fallback] visual_concepts is missing/empty for slot A1:1:s1_b61. Deriving dynamically from scene 1 + visual_notes: ''
WARNING: [Visual Concepts Derivation Fallback] visual_concepts is missing/empty for slot V1:1:s1_b61. Deriving dynamically from scene 1 + visual_notes: ''
WARNING: [Visual Concepts Derivation Fallback] visual_concepts is missing/empty for slot A1:1:s1_b62. Deriving dynamically from scene 1 + visual_notes: ''
WARNING: [Visual Concepts Derivation Fallback] visual_concepts is missing/empty for slot V1:1:s1_b62. Deriving dynamically from scene 1 + visual_notes: ''
WARNING: [Visual Concepts Derivation Fallback] visual_concepts is missing/empty for slot A1:1:s1_b63. Deriving dynamically from scene 1 + visual_notes: ''
WARNING: [Visual Concepts Derivation Fallback] visual_concepts is missing/empty for slot V1:1:s1_b63. Deriving dynamically from scene 1 + visual_notes: ''
WARNING: [Visual Concepts Derivation Fallback] visual_concepts is missing/empty for slot A1:1:s1_b64. Deriving dynamically from scene 1 + visual_notes: ''
WARNING: [Visual Concepts Derivation Fallback] visual_concepts is missing/empty for slot V1:1:s1_b64. Deriving dynamically from scene 1 + visual_notes: ''
WARNING: [Visual Concepts Derivation Fallback] visual_concepts is missing/empty for slot A1:1:s1_b65. Deriving dynamically from scene 1 + visual_notes: ''
WARNING: [Visual Concepts Derivation Fallback] visual_concepts is missing/empty for slot V1:1:s1_b65. Deriving dynamically from scene 1 + visual_notes: ''
WARNING: [Visual Concepts Derivation Fallback] visual_concepts is missing/empty for slot A1:1:s1_b66. Deriving dynamically from scene 1 + visual_notes: ''
WARNING: [Visual Concepts Derivation Fallback] visual_concepts is missing/empty for slot V1:1:s1_b66. Deriving dynamically from scene 1 + visual_notes: ''
WARNING: [Visual Concepts Derivation Fallback] visual_concepts is missing/empty for slot A1:1:s1_b67. Deriving dynamically from scene 1 + visual_notes: ''
WARNING: [Visual Concepts Derivation Fallback] visual_concepts is missing/empty for slot V1:1:s1_b67. Deriving dynamically from scene 1 + visual_notes: ''
WARNING: [Visual Concepts Derivation Fallback] visual_concepts is missing/empty for slot A1:1:s1_b68. Deriving dynamically from scene 1 + visual_notes: ''
WARNING: [Visual Concepts Derivation Fallback] visual_concepts is missing/empty for slot V1:1:s1_b68. Deriving dynamically from scene 1 + visual_notes: ''
WARNING: [Visual Concepts Derivation Fallback] visual_concepts is missing/empty for slot A1:1:s1_b69. Deriving dynamically from scene 1 + visual_notes: ''
WARNING: [Visual Concepts Derivation Fallback] visual_concepts is missing/empty for slot V1:1:s1_b69. Deriving dynamically from scene 1 + visual_notes: ''
WARNING: [Visual Concepts Derivation Fallback] visual_concepts is missing/empty for slot A1:1:s1_b70. Deriving dynamically from scene 1 + visual_notes: ''
WARNING: [Visual Concepts Derivation Fallback] visual_concepts is missing/empty for slot V1:1:s1_b70. Deriving dynamically from scene 1 + visual_notes: ''
WARNING: [Visual Concepts Derivation Fallback] visual_concepts is missing/empty for slot A1:1:s1_b71. Deriving dynamically from scene 1 + visual_notes: ''
WARNING: [Visual Concepts Derivation Fallback] visual_concepts is missing/empty for slot V1:1:s1_b71. Deriving dynamically from scene 1 + visual_notes: ''
WARNING: [Visual Concepts Derivation Fallback] visual_concepts is missing/empty for slot A1:1:s1_b72. Deriving dynamically from scene 1 + visual_notes: ''
WARNING: [Visual Concepts Derivation Fallback] visual_concepts is missing/empty for slot V1:1:s1_b72. Deriving dynamically from scene 1 + visual_notes: ''
WARNING: [Visual Concepts Derivation Fallback] visual_concepts is missing/empty for slot A1:1:s1_b73. Deriving dynamically from scene 1 + visual_notes: ''
WARNING: [Visual Concepts Derivation Fallback] visual_concepts is missing/empty for slot V1:1:s1_b73. Deriving dynamically from scene 1 + visual_notes: ''
WARNING: [Visual Concepts Derivation Fallback] visual_concepts is missing/empty for slot A1:1:s1_b74. Deriving dynamically from scene 1 + visual_notes: ''
WARNING: [Visual Concepts Derivation Fallback] visual_concepts is missing/empty for slot V1:1:s1_b74. Deriving dynamically from scene 1 + visual_notes: ''
WARNING: [Visual Concepts Derivation Fallback] visual_concepts is missing/empty for slot A1:1:s1_b75. Deriving dynamically from scene 1 + visual_notes: ''
WARNING: [Visual Concepts Derivation Fallback] visual_concepts is missing/empty for slot V1:1:s1_b75. Deriving dynamically from scene 1 + visual_notes: ''
WARNING: [Visual Concepts Derivation Fallback] visual_concepts is missing/empty for slot A1:1:s1_b76. Deriving dynamically from scene 1 + visual_notes: ''
WARNING: [Visual Concepts Derivation Fallback] visual_concepts is missing/empty for slot V1:1:s1_b76. Deriving dynamically from scene 1 + visual_notes: ''
WARNING: [Visual Concepts Derivation Fallback] visual_concepts is missing/empty for slot A1:1:s1_b77. Deriving dynamically from scene 1 + visual_notes: ''
WARNING: [Visual Concepts Derivation Fallback] visual_concepts is missing/empty for slot V1:1:s1_b77. Deriving dynamically from scene 1 + visual_notes: ''
WARNING: [Visual Concepts Derivation Fallback] visual_concepts is missing/empty for slot A1:1:s1_b78. Deriving dynamically from scene 1 + visual_notes: ''
WARNING: [Visual Concepts Derivation Fallback] visual_concepts is missing/empty for slot V1:1:s1_b78. Deriving dynamically from scene 1 + visual_notes: ''
WARNING: [Visual Concepts Derivation Fallback] visual_concepts is missing/empty for slot A1:1:s1_b79. Deriving dynamically from scene 1 + visual_notes: ''
WARNING: [Visual Concepts Derivation Fallback] visual_concepts is missing/empty for slot V1:1:s1_b79. Deriving dynamically from scene 1 + visual_notes: ''
WARNING: [Visual Concepts Derivation Fallback] visual_concepts is missing/empty for slot A1:1:s1_b80. Deriving dynamically from scene 1 + visual_notes: ''
WARNING: [Visual Concepts Derivation Fallback] visual_concepts is missing/empty for slot V1:1:s1_b80. Deriving dynamically from scene 1 + visual_notes: ''
WARNING: [Visual Concepts Derivation Fallback] visual_concepts is missing/empty for slot A1:1:s1_b81. Deriving dynamically from scene 1 + visual_notes: ''
WARNING: [Visual Concepts Derivation Fallback] visual_concepts is missing/empty for slot V1:1:s1_b81. Deriving dynamically from scene 1 + visual_notes: ''
WARNING: [Visual Concepts Derivation Fallback] visual_concepts is missing/empty for slot A1:1:s1_b82. Deriving dynamically from scene 1 + visual_notes: ''
WARNING: [Visual Concepts Derivation Fallback] visual_concepts is missing/empty for slot V1:1:s1_b82. Deriving dynamically from scene 1 + visual_notes: ''
WARNING: [Visual Concepts Derivation Fallback] visual_concepts is missing/empty for slot A1:1:s1_b83. Deriving dynamically from scene 1 + visual_notes: ''
WARNING: [Visual Concepts Derivation Fallback] visual_concepts is missing/empty for slot V1:1:s1_b83. Deriving dynamically from scene 1 + visual_notes: ''
WARNING: [Visual Concepts Derivation Fallback] visual_concepts is missing/empty for slot A1:1:s1_b84. Deriving dynamically from scene 1 + visual_notes: ''
WARNING: [Visual Concepts Derivation Fallback] visual_concepts is missing/empty for slot V1:1:s1_b84. Deriving dynamically from scene 1 + visual_notes: ''
WARNING: [Visual Concepts Derivation Fallback] visual_concepts is missing/empty for slot A1:1:s1_b85. Deriving dynamically from scene 1 + visual_notes: ''
WARNING: [Visual Concepts Derivation Fallback] visual_concepts is missing/empty for slot V1:1:s1_b85. Deriving dynamically from scene 1 + visual_notes: ''
WARNING: [Visual Concepts Derivation Fallback] visual_concepts is missing/empty for slot A1:1:s1_b86. Deriving dynamically from scene 1 + visual_notes: ''
WARNING: [Visual Concepts Derivation Fallback] visual_concepts is missing/empty for slot V1:1:s1_b86. Deriving dynamically from scene 1 + visual_notes: ''
WARNING: [Visual Concepts Derivation Fallback] visual_concepts is missing/empty for slot A1:1:s1_b87. Deriving dynamically from scene 1 + visual_notes: ''
WARNING: [Visual Concepts Derivation Fallback] visual_concepts is missing/empty for slot V1:1:s1_b87. Deriving dynamically from scene 1 + visual_notes: ''
WARNING: [Visual Concepts Derivation Fallback] visual_concepts is missing/empty for slot A1:1:s1_b88. Deriving dynamically from scene 1 + visual_notes: ''
WARNING: [Visual Concepts Derivation Fallback] visual_concepts is missing/empty for slot V1:1:s1_b88. Deriving dynamically from scene 1 + visual_notes: ''
WARNING: [Visual Concepts Derivation Fallback] visual_concepts is missing/empty for slot A1:1:s1_b89. Deriving dynamically from scene 1 + visual_notes: ''
WARNING: [Visual Concepts Derivation Fallback] visual_concepts is missing/empty for slot V1:1:s1_b89. Deriving dynamically from scene 1 + visual_notes: ''
WARNING: [Visual Concepts Derivation Fallback] visual_concepts is missing/empty for slot A1:1:s1_b90. Deriving dynamically from scene 1 + visual_notes: ''
WARNING: [Visual Concepts Derivation Fallback] visual_concepts is missing/empty for slot V1:1:s1_b90. Deriving dynamically from scene 1 + visual_notes: ''
WARNING: [Visual Concepts Derivation Fallback] visual_concepts is missing/empty for slot A1:1:s1_b91. Deriving dynamically from scene 1 + visual_notes: ''
WARNING: [Visual Concepts Derivation Fallback] visual_concepts is missing/empty for slot V1:1:s1_b91. Deriving dynamically from scene 1 + visual_notes: ''
WARNING: [Visual Concepts Derivation Fallback] visual_concepts is missing/empty for slot A1:1:s1_b92. Deriving dynamically from scene 1 + visual_notes: ''
WARNING: [Visual Concepts Derivation Fallback] visual_concepts is missing/empty for slot V1:1:s1_b92. Deriving dynamically from scene 1 + visual_notes: ''
WARNING: [Visual Concepts Derivation Fallback] visual_concepts is missing/empty for slot A1:1:s1_b93. Deriving dynamically from scene 1 + visual_notes: ''
WARNING: [Visual Concepts Derivation Fallback] visual_concepts is missing/empty for slot V1:1:s1_b93. Deriving dynamically from scene 1 + visual_notes: ''
WARNING: [Visual Concepts Derivation Fallback] visual_concepts is missing/empty for slot A1:1:s1_b94. Deriving dynamically from scene 1 + visual_notes: ''
WARNING: [Visual Concepts Derivation Fallback] visual_concepts is missing/empty for slot V1:1:s1_b94. Deriving dynamically from scene 1 + visual_notes: ''
WARNING: [Visual Concepts Derivation Fallback] visual_concepts is missing/empty for slot A1:1:s1_b95. Deriving dynamically from scene 1 + visual_notes: ''
WARNING: [Visual Concepts Derivation Fallback] visual_concepts is missing/empty for slot V1:1:s1_b95. Deriving dynamically from scene 1 + visual_notes: ''
WARNING: [Visual Concepts Derivation Fallback] visual_concepts is missing/empty for slot A1:1:s1_b96. Deriving dynamically from scene 1 + visual_notes: ''
WARNING: [Visual Concepts Derivation Fallback] visual_concepts is missing/empty for slot V1:1:s1_b96. Deriving dynamically from scene 1 + visual_notes: ''
WARNING: [Visual Concepts Derivation Fallback] visual_concepts is missing/empty for slot A1:1:s1_b97. Deriving dynamically from scene 1 + visual_notes: ''
WARNING: [Visual Concepts Derivation Fallback] visual_concepts is missing/empty for slot V1:1:s1_b97. Deriving dynamically from scene 1 + visual_notes: ''
WARNING: [Visual Concepts Derivation Fallback] visual_concepts is missing/empty for slot A1:1:s1_b98. Deriving dynamically from scene 1 + visual_notes: ''
WARNING: [Visual Concepts Derivation Fallback] visual_concepts is missing/empty for slot V1:1:s1_b98. Deriving dynamically from scene 1 + visual_notes: ''
WARNING: [Visual Concepts Derivation Fallback] visual_concepts is missing/empty for slot A1:1:s1_b99. Deriving dynamically from scene 1 + visual_notes: ''
WARNING: [Visual Concepts Derivation Fallback] visual_concepts is missing/empty for slot V1:1:s1_b99. Deriving dynamically from scene 1 + visual_notes: ''
WARNING: [Visual Concepts Derivation Fallback] visual_concepts is missing/empty for slot A1:1:s1_b100. Deriving dynamically from scene 1 + visual_notes: ''
WARNING: [Visual Concepts Derivation Fallback] visual_concepts is missing/empty for slot V1:1:s1_b100. Deriving dynamically from scene 1 + visual_notes: ''
